# Blender v3.6.22 OBJ File: ''
# www.blender.org
mtllib 2.mtl
o Cube_Cube.003
v 0.000000 83.146965 -55.557030
v -103.158699 -103.158699 -103.158699
v -103.158699 103.158699 -103.158699
v 0.000000 55.557030 -83.146965
v 103.158699 -103.158699 -103.158699
v 0.000000 19.509033 -98.078529
v 103.158699 103.158699 -103.158699
v 0.000000 0.000000 -100.000008
v -103.158699 -103.158699 0.000000
v 0.000000 -19.509033 -98.078529
v -103.158699 103.158699 0.000000
v 0.000000 -55.557030 -83.146965
v 103.158699 -103.158699 0.000000
v 3.806024 98.078529 -19.134172
v 103.158699 103.158699 0.000000
v 7.465785 92.387955 -37.533031
v 10.838639 83.146965 -54.489517
v 13.794970 70.710678 -69.351990
v 16.221169 55.557030 -81.549316
v 18.023996 38.268349 -90.612747
v 19.134172 19.509033 -96.193977
v 19.509033 0.000000 -98.078529
v 19.134172 -19.509033 -96.193977
v 18.023996 -38.268349 -90.612747
v 16.221169 -55.557030 -81.549316
v 13.794970 -70.710678 -69.351990
v 10.838639 -83.146965 -54.489517
v 7.465785 -92.387955 -37.533031
v 3.806024 -98.078529 -19.134172
v 7.465784 98.078529 -18.023996
v 14.644662 92.387955 -35.355343
v 21.260754 83.146965 -51.327995
v 27.059807 70.710678 -65.328148
v 31.818964 55.557030 -76.817764
v 35.355335 38.268349 -85.355347
v 37.533028 19.509033 -90.612747
v 38.268345 0.000000 -92.387947
v 37.533028 -19.509033 -90.612747
v 35.355335 -38.268349 -85.355347
v 31.818964 -55.557030 -76.817764
v 27.059807 -70.710678 -65.328148
v 21.260754 -83.146965 -51.327995
v 14.644662 -92.387955 -35.355343
v 7.465784 -98.078529 -18.023996
v 10.838637 98.078529 -16.221167
v 21.260754 92.387955 -31.818968
v 30.865829 83.146965 -46.193970
v 39.284752 70.710678 -58.793781
v 46.193970 55.557030 -69.134163
v 51.327995 38.268349 -76.817772
v 54.489517 19.509033 -81.549316
v 55.557030 0.000000 -83.146950
v 54.489517 -19.509033 -81.549316
v 51.327995 -38.268349 -76.817772
v 46.193970 -55.557030 -69.134163
v 39.284752 -70.710678 -58.793781
v 30.865829 -83.146965 -46.193970
v 21.260754 -92.387955 -31.818968
v 10.838637 -98.078529 -16.221167
v 13.794968 98.078529 -13.794967
v 27.059807 92.387955 -27.059805
v 39.284748 83.146965 -39.284744
v 50.000004 70.710678 -50.000004
v 58.793774 55.557030 -58.793766
v 65.328140 38.268349 -65.328148
v 69.351990 19.509033 -69.351990
v 70.710678 0.000000 -70.710663
v 69.351990 -19.509033 -69.351990
v 65.328140 -38.268349 -65.328148
v 58.793774 -55.557030 -58.793766
v 50.000004 -70.710678 -50.000004
v 39.284748 -83.146965 -39.284744
v 27.059807 -92.387955 -27.059805
v 13.794968 -98.078529 -13.794967
v 16.221167 98.078529 -10.838635
v 31.818968 92.387955 -21.260752
v 46.193974 83.146965 -30.865824
v 58.793781 70.710678 -39.284752
v 69.134171 55.557030 -46.193966
v 76.817764 38.268349 -51.328003
v 81.549316 19.509033 -54.489506
v 83.146957 0.000000 -55.557003
v 81.549316 -19.509033 -54.489506
v 76.817764 -38.268349 -51.328003
v 69.134171 -55.557030 -46.193966
v 58.793781 -70.710678 -39.284752
v 46.193974 -83.146965 -30.865824
v 31.818968 -92.387955 -21.260752
v 16.221167 -98.078529 -10.838635
v 0.000000 100.000008 0.000000
v 18.023993 98.078529 -7.465782
v 35.355335 92.387955 -14.644659
v 51.327995 83.146965 -21.260746
v 65.328148 70.710678 -27.059807
v 76.817764 55.557030 -31.818953
v 85.355339 38.268349 -35.355343
v 90.612740 19.509033 -37.533016
v 92.387939 0.000000 -38.268326
v 90.612740 -19.509033 -37.533016
v 85.355339 -38.268349 -35.355343
v 76.817764 -55.557030 -31.818953
v 65.328148 -70.710678 -27.059807
v 51.327995 -83.146965 -21.260746
v 35.355335 -92.387955 -14.644659
v 18.023993 -98.078529 -7.465782
v 19.134167 98.078529 -3.806022
v 37.533028 92.387955 -7.465782
v 54.489510 83.146965 -10.838632
v 69.351990 70.710678 -13.794971
v 81.549309 55.557030 -16.221159
v 90.612740 38.268349 -18.024000
v 96.193970 19.509033 -19.134163
v 98.078514 0.000000 -19.509014
v 96.193970 -19.509033 -19.134163
v 90.612740 -38.268349 -18.024000
v 81.549309 -55.557030 -16.221159
v 69.351990 -70.710678 -13.794971
v 54.489510 -83.146965 -10.838632
v 37.533028 -92.387955 -7.465782
v 19.134167 -98.078529 -3.806022
v 70.710670 70.710678 -0.000001
v 92.387947 38.268349 -0.000004
v 92.387947 -38.268349 -0.000004
v 70.710670 -70.710678 -0.000001
v 0.000000 -100.000008 0.000000
v -19.509016 98.078529 -0.000002
v -38.268330 92.387955 -0.000005
v -55.556980 83.146965 -0.000015
v -70.710663 70.710678 -0.000003
v -83.146927 55.557030 -0.000016
v -92.387917 38.268349 -0.000001
v -98.078491 19.509033 -0.000027
v -99.999908 0.000000 -0.000045
v -98.078491 -19.509033 -0.000027
v -92.387917 -38.268349 -0.000001
v -83.146927 -55.557030 -0.000016
v -70.710663 -70.710678 -0.000003
v -55.556980 -83.146965 -0.000015
v -38.268330 -92.387955 -0.000005
v -19.509016 -98.078529 -0.000002
v -19.134155 98.078529 -3.806022
v -37.533009 92.387955 -7.465786
v -54.489468 83.146965 -10.838644
v -69.351974 70.710678 -13.794970
v -81.549271 55.557030 -16.221176
v -90.612709 38.268349 -18.023991
v -96.193924 19.509033 -19.134190
v -98.078430 0.000000 -19.509060
v -96.193924 -19.509033 -19.134190
v -90.612709 -38.268349 -18.023991
v -81.549271 -55.557030 -16.221176
v -69.351974 -70.710678 -13.794970
v -54.489468 -83.146965 -10.838644
v -37.533009 -92.387955 -7.465786
v -19.134155 -98.078529 -3.806022
v -18.023979 98.078529 -7.465779
v -35.355324 92.387955 -14.644659
v -51.327946 83.146965 -21.260750
v -65.328133 70.710678 -27.059801
v -76.817726 55.557030 -31.818964
v -85.355309 38.268349 -35.355328
v -90.612694 19.509033 -37.533035
v -92.387848 0.000000 -38.268349
v -90.612694 -19.509033 -37.533035
v -85.355309 -38.268349 -35.355328
v -76.817726 -55.557030 -31.818964
v -65.328133 -70.710678 -27.059801
v -51.327946 -83.146965 -21.260750
v -35.355324 -92.387955 -14.644659
v -18.023979 -98.078529 -7.465779
v -16.221151 98.078529 -10.838631
v -31.818945 92.387955 -21.260746
v -46.193924 83.146965 -30.865818
v -58.793762 70.710678 -39.284744
v -69.134117 55.557030 -46.193966
v -76.817749 38.268349 -51.327976
v -81.549263 19.509033 -54.489510
v -83.146851 0.000000 -55.557011
v -81.549263 -19.509033 -54.489510
v -76.817749 -38.268349 -51.327976
v -69.134117 -55.557030 -46.193966
v -58.793762 -70.710678 -39.284744
v -46.193924 -83.146965 -30.865818
v -31.818945 -92.387955 -21.260746
v -16.221151 -98.078529 -10.838631
v -13.794955 98.078529 -13.794957
v -27.059790 92.387955 -27.059795
v -39.284695 83.146965 -39.284729
v -49.999985 70.710678 -49.999992
v -58.793724 55.557030 -58.793755
v -65.328117 38.268349 -65.328117
v -69.351936 19.509033 -69.351974
v -70.710571 0.000000 -70.710640
v -69.351936 -19.509033 -69.351974
v -65.328117 -38.268349 -65.328117
v -58.793724 -55.557030 -58.793755
v -49.999985 -70.710678 -49.999992
v -39.284695 -83.146965 -39.284729
v -27.059790 -92.387955 -27.059795
v -13.794955 -98.078529 -13.794957
v -10.838626 98.078529 -16.221153
v -21.260738 92.387955 -31.818953
v -30.865780 83.146965 -46.193947
v -39.284733 70.710678 -58.793766
v -46.193932 55.557030 -69.134140
v -51.327972 38.268349 -76.817749
v -54.489460 19.509033 -81.549286
v -55.556927 0.000000 -83.146904
v -54.489460 -19.509033 -81.549286
v -51.327972 -38.268349 -76.817749
v -46.193932 -55.557030 -69.134140
v -39.284733 -70.710678 -58.793766
v -30.865780 -83.146965 -46.193947
v -21.260738 -92.387955 -31.818953
v -10.838626 -98.078529 -16.221153
v -7.465774 98.078529 -18.023977
v -14.644650 92.387955 -35.355328
v -21.260712 83.146965 -51.327953
v -27.059792 70.710678 -65.328133
v -31.818924 55.557030 -76.817734
v -35.355320 38.268349 -85.355309
v -37.532982 19.509033 -90.612701
v -38.268257 0.000000 -92.387871
v -37.532982 -19.509033 -90.612701
v -35.355320 -38.268349 -85.355309
v -31.818924 -55.557030 -76.817734
v -27.059792 -70.710678 -65.328133
v -21.260712 -83.146965 -51.327953
v -14.644650 -92.387955 -35.355328
v -7.465774 -98.078529 -18.023977
v -3.806018 98.078529 -19.134151
v -7.465774 92.387955 -37.533009
v -10.838605 83.146965 -54.489456
v -13.794957 70.710678 -69.351982
v -16.221134 55.557030 -81.549263
v -18.023983 38.268349 -90.612701
v -19.134134 19.509033 -96.193924
v -19.508965 0.000000 -98.078423
v -19.134134 -19.509033 -96.193924
v -18.023983 -38.268349 -90.612701
v -16.221134 -55.557030 -81.549263
v -13.794957 -70.710678 -69.351982
v -10.838605 -83.146965 -54.489456
v -7.465774 -92.387955 -37.533009
v -3.806018 -98.078529 -19.134151
v 0.000001 98.078529 -19.509012
v 0.000007 92.387955 -38.268326
v 0.000009 70.710678 -70.710663
v 0.000006 38.268349 -92.387909
v 0.000006 -38.268349 -92.387909
v 0.000009 -70.710678 -70.710663
v 0.000022 -83.146965 -55.556957
v 0.000007 -92.387955 -38.268326
v 0.000001 -98.078529 -19.509012
v -99.999901 0.000000 0.000000
v -98.078491 -19.509033 0.000000
v -98.078491 19.509033 0.000000
v -83.146927 55.557030 0.000000
v -83.146927 -55.557030 0.000000
v -92.387917 38.268349 0.000000
v -92.387917 -38.268349 0.000000
v -55.556980 -83.146965 0.000000
v -38.268330 -92.387955 0.000000
v 38.268341 -92.387955 0.000000
v 70.710670 -70.710678 0.000000
v 67.343193 -73.474297 0.000000
v 55.557018 -83.146965 0.000000
v 19.509027 -98.078529 0.000000
v -19.509016 -98.078529 0.000000
v -70.710663 -70.710678 0.000000
v -70.710663 70.710678 0.000000
v -38.268330 92.387955 0.000000
v -55.556980 83.146965 0.000000
v -19.509016 98.078529 0.000000
v 38.268341 92.387955 0.000000
v 19.509027 98.078529 0.000000
v 67.343193 73.474297 0.000000
v 55.557018 83.146965 0.000000
v 83.146950 -55.557030 0.000000
v 89.307617 -44.031242 0.000000
v 72.487282 -68.545876 0.000000
v 89.307617 44.031242 0.000000
v 72.487282 68.545876 0.000000
v 83.146950 55.557030 0.000000
v 99.999977 0.000000 0.000000
v 98.078522 19.509033 0.000000
v 94.284805 -32.015240 0.000000
v 98.078522 -19.509033 0.000000
v 94.284805 32.015240 0.000000
v 92.387947 -38.268349 0.000000
v 92.387947 38.268349 0.000000
v 70.710670 70.710678 0.000000
vt 0.375000 0.125000
vt 0.625000 0.125000
vt 0.625000 0.250000
vt 0.375000 0.250000
vt 0.625000 0.500000
vt 0.375000 0.500000
vt 0.875000 0.500000
vt 0.875000 0.625000
vt 0.625000 0.625000
vt 0.125000 0.500000
vt 0.375000 0.625000
vt 0.125000 0.625000
vt 0.414318 0.546364
vt 0.585682 0.546364
vt 0.583059 0.550669
vt 0.567320 0.576503
vt 0.553354 0.591433
vt 0.546371 0.598898
vt 0.538794 0.603495
vt 0.523640 0.612688
vt 0.500000 0.617345
vt 0.476360 0.612688
vt 0.461206 0.603495
vt 0.453629 0.598898
vt 0.446646 0.591433
vt 0.432680 0.576503
vt 0.416941 0.550669
vt 0.410969 0.538203
vt 0.399249 0.509640
vt 0.388051 0.467741
vt 0.381156 0.422279
vt 0.378827 0.375000
vt 0.381156 0.327721
vt 0.388051 0.282259
vt 0.399249 0.240360
vt 0.414318 0.203636
vt 0.432680 0.173498
vt 0.453629 0.151102
vt 0.476360 0.137312
vt 0.500000 0.132655
vt 0.523640 0.137312
vt 0.546371 0.151102
vt 0.567320 0.173498
vt 0.585682 0.203636
vt 0.600751 0.240360
vt 0.611949 0.282259
vt 0.618844 0.327721
vt 0.621173 0.375000
vt 0.618844 0.422279
vt 0.611949 0.467741
vt 0.600751 0.509640
vt 0.589031 0.538203
vt 0.750000 0.437500
vt 0.718750 0.437500
vt 0.718750 0.500000
vt 0.750000 0.500000
vt 0.750000 0.875000
vt 0.718750 0.875000
vt 0.718750 0.937500
vt 0.750000 0.937500
vt 0.750000 0.375000
vt 0.718750 0.375000
vt 0.750000 0.812500
vt 0.718750 0.812500
vt 0.750000 0.312500
vt 0.718750 0.312500
vt 0.750000 0.750000
vt 0.718750 0.750000
vt 0.750000 0.250000
vt 0.718750 0.250000
vt 0.750000 0.687500
vt 0.718750 0.687500
vt 0.750000 0.187500
vt 0.718750 0.187500
vt 0.750000 0.625000
vt 0.718750 0.625000
vt 0.750000 0.125000
vt 0.718750 0.125000
vt 0.750000 0.562500
vt 0.718750 0.562500
vt 0.750000 0.062500
vt 0.718750 0.062500
vt 0.734375 1.000000
vt 0.734375 0.000000
vt 0.687500 0.062500
vt 0.687500 0.125000
vt 0.687500 0.500000
vt 0.687500 0.562500
vt 0.687500 0.937500
vt 0.703125 1.000000
vt 0.703125 0.000000
vt 0.687500 0.437500
vt 0.687500 0.875000
vt 0.687500 0.375000
vt 0.687500 0.812500
vt 0.687500 0.312500
vt 0.687500 0.750000
vt 0.687500 0.250000
vt 0.687500 0.687500
vt 0.687500 0.187500
vt 0.687500 0.625000
vt 0.656250 0.250000
vt 0.656250 0.312500
vt 0.656250 0.687500
vt 0.656250 0.750000
vt 0.656250 0.187500
vt 0.656250 0.625000
vt 0.656250 0.125000
vt 0.656250 0.562500
vt 0.656250 0.062500
vt 0.656250 0.500000
vt 0.656250 0.937500
vt 0.671875 1.000000
vt 0.671875 0.000000
vt 0.656250 0.437500
vt 0.656250 0.875000
vt 0.656250 0.375000
vt 0.656250 0.812500
vt 0.625000 0.937500
vt 0.640625 1.000000
vt 0.640625 0.000000
vt 0.625000 0.062500
vt 0.625000 0.437500
vt 0.625000 0.500000
vt 0.625000 0.875000
vt 0.625000 0.375000
vt 0.625000 0.812500
vt 0.625000 0.312500
vt 0.625000 0.750000
vt 0.625000 0.250000
vt 0.625000 0.687500
vt 0.625000 0.187500
vt 0.625000 0.625000
vt 0.625000 0.125000
vt 0.625000 0.562500
vt 0.593750 0.687500
vt 0.593750 0.750000
vt 0.593750 0.187500
vt 0.593750 0.250000
vt 0.593750 0.625000
vt 0.593750 0.125000
vt 0.593750 0.562500
vt 0.593750 0.062500
vt 0.593750 0.500000
vt 0.593750 0.937500
vt 0.609375 1.000000
vt 0.609375 0.000000
vt 0.593750 0.437500
vt 0.593750 0.875000
vt 0.593750 0.375000
vt 0.593750 0.812500
vt 0.593750 0.312500
vt 0.562500 0.437500
vt 0.562500 0.500000
vt 0.562500 0.875000
vt 0.562500 0.937500
vt 0.562500 0.375000
vt 0.562500 0.812500
vt 0.562500 0.312500
vt 0.562500 0.750000
vt 0.562500 0.250000
vt 0.562500 0.687500
vt 0.562500 0.187500
vt 0.562500 0.625000
vt 0.562500 0.125000
vt 0.562500 0.562500
vt 0.562500 0.062500
vt 0.578125 1.000000
vt 0.578125 0.000000
vt 0.531250 0.187500
vt 0.531250 0.250000
vt 0.531250 0.625000
vt 0.531250 0.687500
vt 0.531250 0.125000
vt 0.531250 0.562500
vt 0.531250 0.062500
vt 0.531250 0.500000
vt 0.531250 0.937500
vt 0.546875 1.000000
vt 0.546875 0.000000
vt 0.531250 0.437500
vt 0.531250 0.875000
vt 0.531250 0.375000
vt 0.531250 0.812500
vt 0.531250 0.312500
vt 0.531250 0.750000
vt 0.500000 0.875000
vt 0.500000 0.937500
vt 0.500000 0.375000
vt 0.500000 0.395833
vt 0.500000 0.437500
vt 0.500000 0.812500
vt 0.500000 0.312500
vt 0.500000 0.354167
vt 0.500000 0.750000
vt 0.500000 0.763889
vt 0.500000 0.250000
vt 0.500000 0.258929
vt 0.500000 0.687500
vt 0.500000 0.741072
vt 0.500000 0.187500
vt 0.500000 0.236111
vt 0.500000 0.625000
vt 0.500000 0.645833
vt 0.500000 0.125000
vt 0.500000 0.562500
vt 0.500000 0.604167
vt 0.500000 0.062500
vt 0.500000 0.500000
vt 0.515625 1.000000
vt 0.515625 0.000000
vt 0.500000 0.625000
vt 0.500000 0.375000
vt 0.500000 0.750000
vt 0.500000 0.250000
vt 0.000000 0.562500
vt 0.000000 0.625000
vt 0.000000 0.625000
vt 0.000000 0.562500
vt 0.000000 0.062500
vt 0.000000 0.062500
vt 0.000000 0.125000
vt 0.000000 0.125000
vt 0.000000 0.500000
vt 0.000000 0.500000
vt 0.000000 0.937500
vt 0.015625 1.000000
vt 0.000000 0.937500
vt 0.015625 0.000000
vt 0.000000 0.437500
vt 0.000000 0.437500
vt 0.000000 0.875000
vt 0.000000 0.875000
vt 0.000000 0.375000
vt 0.000000 0.375000
vt 0.000000 0.812500
vt 0.000000 0.812500
vt 0.000000 0.312500
vt 0.000000 0.312500
vt 0.000000 0.750000
vt 0.000000 0.750000
vt 0.000000 0.250000
vt 0.000000 0.250000
vt 0.000000 0.687500
vt 0.000000 0.687500
vt 0.000000 0.187500
vt 0.000000 0.187500
vt 1.000000 0.375000
vt 1.000000 0.312500
vt 0.968750 0.312500
vt 0.968750 0.375000
vt 1.000000 0.750000
vt 0.968750 0.750000
vt 0.968750 0.812500
vt 1.000000 0.812500
vt 1.000000 0.250000
vt 0.968750 0.250000
vt 1.000000 0.687500
vt 0.968750 0.687500
vt 1.000000 0.187500
vt 0.968750 0.187500
vt 1.000000 0.625000
vt 0.968750 0.625000
vt 1.000000 0.125000
vt 0.968750 0.125000
vt 1.000000 0.562500
vt 0.968750 0.562500
vt 1.000000 0.062500
vt 0.968750 0.062500
vt 1.000000 0.500000
vt 0.968750 0.500000
vt 0.968750 0.937500
vt 0.984375 1.000000
vt 1.000000 0.937500
vt 0.984375 0.000000
vt 1.000000 0.437500
vt 0.968750 0.437500
vt 1.000000 0.875000
vt 0.968750 0.875000
vt 0.937500 0.062500
vt 0.937500 0.125000
vt 0.937500 0.500000
vt 0.937500 0.562500
vt 0.937500 0.937500
vt 0.953125 1.000000
vt 0.953125 0.000000
vt 0.937500 0.437500
vt 0.937500 0.875000
vt 0.937500 0.375000
vt 0.937500 0.812500
vt 0.937500 0.312500
vt 0.937500 0.750000
vt 0.937500 0.250000
vt 0.937500 0.687500
vt 0.937500 0.187500
vt 0.937500 0.625000
vt 0.906250 0.750000
vt 0.906250 0.812500
vt 0.906250 0.250000
vt 0.906250 0.312500
vt 0.906250 0.687500
vt 0.906250 0.187500
vt 0.906250 0.625000
vt 0.906250 0.125000
vt 0.906250 0.562500
vt 0.906250 0.062500
vt 0.906250 0.500000
vt 0.906250 0.937500
vt 0.921875 1.000000
vt 0.921875 0.000000
vt 0.906250 0.437500
vt 0.906250 0.875000
vt 0.906250 0.375000
vt 0.875000 0.500000
vt 0.875000 0.562500
vt 0.875000 0.937500
vt 0.890625 1.000000
vt 0.875000 0.062500
vt 0.890625 0.000000
vt 0.875000 0.437500
vt 0.875000 0.875000
vt 0.875000 0.375000
vt 0.875000 0.812500
vt 0.875000 0.312500
vt 0.875000 0.750000
vt 0.875000 0.250000
vt 0.875000 0.687500
vt 0.875000 0.187500
vt 0.875000 0.625000
vt 0.875000 0.125000
vt 0.843750 0.250000
vt 0.843750 0.312500
vt 0.843750 0.687500
vt 0.843750 0.750000
vt 0.843750 0.187500
vt 0.843750 0.625000
vt 0.843750 0.125000
vt 0.843750 0.562500
vt 0.843750 0.062500
vt 0.843750 0.500000
vt 0.843750 0.937500
vt 0.859375 1.000000
vt 0.859375 0.000000
vt 0.843750 0.437500
vt 0.843750 0.875000
vt 0.843750 0.375000
vt 0.843750 0.812500
vt 0.812500 0.062500
vt 0.828125 0.000000
vt 0.812500 0.437500
vt 0.812500 0.500000
vt 0.812500 0.875000
vt 0.812500 0.937500
vt 0.812500 0.375000
vt 0.812500 0.812500
vt 0.812500 0.312500
vt 0.812500 0.750000
vt 0.812500 0.250000
vt 0.812500 0.687500
vt 0.812500 0.187500
vt 0.812500 0.625000
vt 0.812500 0.125000
vt 0.812500 0.562500
vt 0.828125 1.000000
vt 0.781250 0.187500
vt 0.781250 0.250000
vt 0.781250 0.625000
vt 0.781250 0.687500
vt 0.781250 0.125000
vt 0.781250 0.562500
vt 0.781250 0.062500
vt 0.781250 0.500000
vt 0.781250 0.937500
vt 0.796875 1.000000
vt 0.796875 0.000000
vt 0.781250 0.437500
vt 0.781250 0.875000
vt 0.781250 0.375000
vt 0.781250 0.812500
vt 0.781250 0.312500
vt 0.781250 0.750000
vt 0.765625 1.000000
vt 0.765625 0.000000
vn -1.0000 0.0000 0.0000
vn 0.0000 0.0000 -1.0000
vn 0.0000 1.0000 0.0000
vn 0.0000 -1.0000 0.0000
vn 1.0000 0.0000 0.0000
vn 0.0000 0.0000 1.0000
vn -0.0975 0.0975 0.9904
vn -0.0286 -0.9565 0.2902
vn -0.0938 0.2890 0.9527
vn -0.0464 -0.8810 0.4709
vn -0.0865 0.4696 0.8786
vn -0.0624 -0.7715 0.6332
vn -0.0759 0.6326 0.7708
vn -0.0759 -0.6326 0.7708
vn -0.0624 0.7715 0.6332
vn -0.0865 -0.4696 0.8786
vn -0.0464 0.8810 0.4709
vn -0.0938 -0.2890 0.9527
vn -0.0286 0.9565 0.2902
vn -0.0975 -0.0975 0.9904
vn -0.0097 -0.9951 0.0980
vn -0.0097 0.9951 0.0980
vn -0.0846 0.9565 0.2790
vn -0.2889 -0.0975 0.9524
vn -0.0286 -0.9951 0.0942
vn -0.0286 0.9951 0.0942
vn -0.2889 0.0975 0.9524
vn -0.0846 -0.9565 0.2790
vn -0.2779 0.2890 0.9161
vn -0.1374 -0.8810 0.4528
vn -0.2563 0.4696 0.8448
vn -0.1847 -0.7715 0.6088
vn -0.2248 0.6326 0.7412
vn -0.2248 -0.6326 0.7412
vn -0.1847 0.7715 0.6088
vn -0.2563 -0.4696 0.8448
vn -0.1374 0.8810 0.4528
vn -0.2779 -0.2890 0.9161
vn -0.3651 0.6326 0.6831
vn -0.3651 -0.6326 0.6831
vn -0.2999 0.7715 0.5611
vn -0.4162 -0.4696 0.7786
vn -0.2230 0.8810 0.4173
vn -0.4513 -0.2890 0.8443
vn -0.1374 0.9565 0.2571
vn -0.4691 -0.0975 0.8777
vn -0.0464 -0.9951 0.0869
vn -0.0464 0.9951 0.0869
vn -0.4691 0.0975 0.8777
vn -0.1374 -0.9565 0.2571
vn -0.4513 0.2890 0.8443
vn -0.2230 -0.8810 0.4173
vn -0.4162 0.4696 0.7786
vn -0.2999 -0.7715 0.5611
vn -0.0625 -0.9951 0.0761
vn -0.0625 0.9951 0.0761
vn -0.6314 0.0975 0.7693
vn -0.1850 -0.9565 0.2254
vn -0.6073 0.2890 0.7400
vn -0.3002 -0.8810 0.3658
vn -0.5601 0.4696 0.6825
vn -0.4036 -0.7715 0.4918
vn -0.4913 0.6326 0.5987
vn -0.4913 -0.6326 0.5987
vn -0.4036 0.7715 0.4918
vn -0.5601 -0.4696 0.6825
vn -0.3002 0.8810 0.3658
vn -0.6073 -0.2890 0.7400
vn -0.1850 0.9565 0.2254
vn -0.6314 -0.0975 0.7693
vn -0.5987 -0.6326 0.4913
vn -0.4918 0.7715 0.4036
vn -0.6825 -0.4696 0.5601
vn -0.3658 0.8810 0.3002
vn -0.7400 -0.2890 0.6073
vn -0.2254 0.9565 0.1850
vn -0.7693 -0.0975 0.6314
vn -0.0761 -0.9951 0.0625
vn -0.0761 0.9951 0.0625
vn -0.7693 0.0975 0.6314
vn -0.2254 -0.9565 0.1850
vn -0.7400 0.2890 0.6073
vn -0.3658 -0.8810 0.3002
vn -0.6825 0.4696 0.5601
vn -0.4918 -0.7715 0.4036
vn -0.5987 0.6326 0.4913
vn -0.8777 0.0975 0.4691
vn -0.2571 -0.9565 0.1374
vn -0.8443 0.2890 0.4513
vn -0.4173 -0.8810 0.2230
vn -0.7786 0.4696 0.4162
vn -0.5611 -0.7715 0.2999
vn -0.6831 0.6326 0.3651
vn -0.6831 -0.6326 0.3651
vn -0.5611 0.7715 0.2999
vn -0.7786 -0.4696 0.4162
vn -0.4173 0.8810 0.2230
vn -0.8443 -0.2890 0.4513
vn -0.2571 0.9565 0.1374
vn -0.8777 -0.0975 0.4691
vn -0.0869 -0.9951 0.0464
vn -0.0869 0.9951 0.0464
vn -0.6088 0.7715 0.1847
vn -0.8448 -0.4696 0.2563
vn -0.4528 0.8810 0.1374
vn -0.9161 -0.2890 0.2779
vn -0.2790 0.9565 0.0846
vn -0.9524 -0.0975 0.2889
vn -0.0942 -0.9951 0.0286
vn -0.0942 0.9951 0.0286
vn -0.9524 0.0975 0.2889
vn -0.2790 -0.9565 0.0846
vn -0.9161 0.2890 0.2779
vn -0.4528 -0.8810 0.1374
vn -0.8448 0.4696 0.2563
vn -0.6088 -0.7715 0.1847
vn -0.7412 0.6326 0.2248
vn -0.7412 -0.6326 0.2248
vn -0.2902 -0.9565 0.0286
vn -0.9527 0.2890 0.0938
vn -0.4709 -0.8810 0.0464
vn -0.8786 0.4696 0.0865
vn -0.6332 -0.7715 0.0624
vn -0.7708 0.6326 0.0759
vn -0.7708 -0.6326 0.0759
vn -0.6332 0.7715 0.0624
vn -0.8786 -0.4696 0.0865
vn -0.4709 0.8810 0.0464
vn -0.9527 -0.2890 0.0938
vn -0.2902 0.9565 0.0286
vn -0.9904 -0.0975 0.0975
vn -0.0980 -0.9951 0.0097
vn -0.0980 0.9951 0.0097
vn -0.9904 0.0975 0.0975
vn -0.8819 -0.4714 0.0000
vn -0.9569 -0.2903 0.0000
vn -0.9569 0.2903 0.0000
vn -0.8819 0.4714 0.0000
vn -0.6344 -0.7730 0.0000
vn -0.7730 0.6344 0.0000
vn -0.7730 -0.6344 0.0000
vn -0.6344 0.7730 0.0000
vn 0.9569 -0.2903 0.0000
vn 0.2903 0.9569 0.0000
vn 0.9896 -0.0975 -0.1055
vn 0.0980 -0.9952 0.0000
vn 0.0980 0.9952 0.0000
vn 0.9896 0.0975 -0.1055
vn 0.2903 -0.9569 0.0000
vn 0.9569 0.2903 0.0000
vn 0.4714 -0.8819 0.0000
vn 0.8819 0.4714 0.0000
vn 0.6344 -0.7730 0.0000
vn 0.7730 0.6344 0.0000
vn 0.7730 -0.6344 0.0000
vn 0.6344 0.7730 0.0000
vn 0.8819 -0.4714 0.0000
vn 0.4714 0.8819 0.0000
vn 0.8786 0.4696 0.0865
vn 0.6332 -0.7715 0.0624
vn 0.7708 0.6326 0.0759
vn 0.7708 -0.6326 0.0759
vn 0.6332 0.7715 0.0624
vn 0.8786 -0.4696 0.0865
vn 0.4709 0.8810 0.0464
vn 0.9527 -0.2890 0.0938
vn 0.2902 0.9565 0.0286
vn 0.9904 -0.0975 0.0976
vn 0.0980 -0.9951 0.0097
vn 0.0980 0.9951 0.0097
vn 0.9904 0.0975 0.0976
vn 0.2902 -0.9565 0.0286
vn 0.9527 0.2890 0.0938
vn 0.4709 -0.8810 0.0464
vn 0.2790 0.9565 0.0846
vn 0.9524 -0.0975 0.2889
vn 0.0942 -0.9951 0.0286
vn 0.0942 0.9951 0.0286
vn 0.9524 0.0975 0.2889
vn 0.2790 -0.9565 0.0846
vn 0.9161 0.2890 0.2779
vn 0.4528 -0.8810 0.1374
vn 0.8448 0.4696 0.2563
vn 0.6088 -0.7715 0.1847
vn 0.7412 0.6326 0.2248
vn 0.7412 -0.6326 0.2248
vn 0.6088 0.7715 0.1847
vn 0.8448 -0.4696 0.2563
vn 0.4528 0.8810 0.1374
vn 0.9161 -0.2890 0.2779
vn 0.5611 -0.7715 0.2999
vn 0.6831 0.6326 0.3651
vn 0.6831 -0.6326 0.3651
vn 0.5611 0.7715 0.2999
vn 0.7786 -0.4696 0.4162
vn 0.4173 0.8810 0.2231
vn 0.8443 -0.2890 0.4513
vn 0.2571 0.9565 0.1374
vn 0.8777 -0.0975 0.4691
vn 0.0869 -0.9951 0.0464
vn 0.0869 0.9951 0.0464
vn 0.8777 0.0975 0.4691
vn 0.2571 -0.9565 0.1374
vn 0.8443 0.2890 0.4513
vn 0.4173 -0.8810 0.2230
vn 0.7786 0.4696 0.4162
vn 0.7693 -0.0975 0.6314
vn 0.0761 -0.9951 0.0625
vn 0.0761 0.9951 0.0625
vn 0.7693 0.0975 0.6314
vn 0.2254 -0.9565 0.1850
vn 0.7400 0.2890 0.6073
vn 0.3658 -0.8810 0.3002
vn 0.6825 0.4696 0.5601
vn 0.4918 -0.7715 0.4036
vn 0.5987 0.6326 0.4913
vn 0.5987 -0.6326 0.4913
vn 0.4918 0.7715 0.4036
vn 0.6825 -0.4696 0.5601
vn 0.3658 0.8810 0.3002
vn 0.7400 -0.2890 0.6073
vn 0.2254 0.9565 0.1850
vn 0.4913 0.6326 0.5987
vn 0.4913 -0.6326 0.5987
vn 0.4036 0.7715 0.4918
vn 0.5601 -0.4696 0.6825
vn 0.3002 0.8810 0.3658
vn 0.6073 -0.2890 0.7400
vn 0.1850 0.9565 0.2254
vn 0.6314 -0.0975 0.7693
vn 0.0625 -0.9951 0.0761
vn 0.0625 0.9951 0.0761
vn 0.6314 0.0975 0.7693
vn 0.1850 -0.9565 0.2254
vn 0.6073 0.2890 0.7400
vn 0.3002 -0.8810 0.3658
vn 0.5601 0.4696 0.6825
vn 0.4036 -0.7715 0.4918
vn 0.0464 0.9951 0.0869
vn 0.4691 0.0975 0.8777
vn 0.1374 -0.9565 0.2571
vn 0.4513 0.2890 0.8443
vn 0.2230 -0.8810 0.4173
vn 0.4162 0.4696 0.7786
vn 0.2999 -0.7715 0.5611
vn 0.3651 0.6326 0.6831
vn 0.3651 -0.6326 0.6831
vn 0.2999 0.7715 0.5611
vn 0.4162 -0.4696 0.7786
vn 0.2230 0.8810 0.4173
vn 0.4513 -0.2890 0.8443
vn 0.1374 0.9565 0.2571
vn 0.4691 -0.0975 0.8777
vn 0.0464 -0.9951 0.0869
vn 0.1847 0.7715 0.6088
vn 0.2563 -0.4696 0.8448
vn 0.1374 0.8810 0.4528
vn 0.2779 -0.2890 0.9161
vn 0.0846 0.9565 0.2790
vn 0.2889 -0.0975 0.9524
vn 0.0286 -0.9951 0.0942
vn 0.0286 0.9951 0.0942
vn 0.2889 0.0975 0.9524
vn 0.0846 -0.9565 0.2790
vn 0.2779 0.2890 0.9161
vn 0.1374 -0.8810 0.4528
vn 0.2563 0.4696 0.8448
vn 0.1847 -0.7715 0.6088
vn 0.2248 0.6326 0.7412
vn 0.2248 -0.6326 0.7412
vn 0.0286 -0.9565 0.2902
vn 0.0938 0.2890 0.9527
vn 0.0464 -0.8810 0.4709
vn 0.0865 0.4696 0.8786
vn 0.0624 -0.7715 0.6332
vn 0.0759 0.6326 0.7708
vn 0.0759 -0.6326 0.7708
vn 0.0624 0.7715 0.6332
vn 0.0865 -0.4696 0.8786
vn 0.0464 0.8810 0.4709
vn 0.0938 -0.2890 0.9527
vn 0.0286 0.9565 0.2902
vn 0.0976 -0.0975 0.9904
vn 0.0097 -0.9951 0.0980
vn 0.0097 0.9951 0.0980
vn 0.0976 0.0975 0.9904
usemtl None
s off
f 9/1/1 11/2/1 3/3/1 2/4/1
f 2/4/2 3/3/2 7/5/2 5/6/2
f 7/5/3 3/7/3 11/8/3 15/9/3
f 2/10/4 5/6/4 13/11/4 9/12/4
f 5/6/5 7/5/5 15/9/5 13/11/5
f 265/13/6 13/11/6 15/9/6 292/14/6 283/15/6 284/16/6 282/17/6 291/18/6 289/19/6 286/20/6 285/21/6 288/22/6 287/23/6 290/24/6 280/25/6 279/26/6 281/27/6
f 292/14/6 15/9/6 11/2/6 9/1/6 13/11/6 265/13/6 266/28/6 267/29/6 264/30/6 268/31/6 125/32/6 269/33/6 263/34/6 262/35/6 270/36/6 259/37/6 261/38/6 256/39/6 255/40/6 257/41/6 260/42/6 258/43/6 271/44/6 273/45/6 272/46/6 274/47/6 90/48/6 276/49/6 275/50/6 278/51/6 277/52/6
f 10/53/7 23/54/7 22/55/7 8/56/7
f 247/57/8 16/58/8 14/59/8 246/60/8
f 250/61/9 24/62/9 23/54/9 10/53/9
f 1/63/10 17/64/10 16/58/10 247/57/10
f 12/65/11 25/66/11 24/62/11 250/61/11
f 248/67/12 18/68/12 17/64/12 1/63/12
f 251/69/13 26/70/13 25/66/13 12/65/13
f 4/71/14 19/72/14 18/68/14 248/67/14
f 252/73/15 27/74/15 26/70/15 251/69/15
f 249/75/16 20/76/16 19/72/16 4/71/16
f 253/77/17 28/78/17 27/74/17 252/73/17
f 6/79/18 21/80/18 20/76/18 249/75/18
f 254/81/19 29/82/19 28/78/19 253/77/19
f 8/56/20 22/55/20 21/80/20 6/79/20
f 246/60/21 14/59/21 90/83/21
f 254/81/22 125/84/22 29/82/22
f 29/82/23 44/85/23 43/86/23 28/78/23
f 22/55/24 37/87/24 36/88/24 21/80/24
f 14/59/25 30/89/25 90/90/25
f 29/82/26 125/91/26 44/85/26
f 23/54/27 38/92/27 37/87/27 22/55/27
f 16/58/28 31/93/28 30/89/28 14/59/28
f 24/62/29 39/94/29 38/92/29 23/54/29
f 17/64/30 32/95/30 31/93/30 16/58/30
f 25/66/31 40/96/31 39/94/31 24/62/31
f 18/68/32 33/97/32 32/95/32 17/64/32
f 26/70/33 41/98/33 40/96/33 25/66/33
f 19/72/34 34/99/34 33/97/34 18/68/34
f 27/74/35 42/100/35 41/98/35 26/70/35
f 20/76/36 35/101/36 34/99/36 19/72/36
f 28/78/37 43/86/37 42/100/37 27/74/37
f 21/80/38 36/88/38 35/101/38 20/76/38
f 41/98/39 56/102/39 55/103/39 40/96/39
f 34/99/40 49/104/40 48/105/40 33/97/40
f 42/100/41 57/106/41 56/102/41 41/98/41
f 35/101/42 50/107/42 49/104/42 34/99/42
f 43/86/43 58/108/43 57/106/43 42/100/43
f 36/88/44 51/109/44 50/107/44 35/101/44
f 44/85/45 59/110/45 58/108/45 43/86/45
f 37/87/46 52/111/46 51/109/46 36/88/46
f 30/89/47 45/112/47 90/113/47
f 44/85/48 125/114/48 59/110/48
f 38/92/49 53/115/49 52/111/49 37/87/49
f 31/93/50 46/116/50 45/112/50 30/89/50
f 39/94/51 54/117/51 53/115/51 38/92/51
f 32/95/52 47/118/52 46/116/52 31/93/52
f 40/96/53 55/103/53 54/117/53 39/94/53
f 33/97/54 48/105/54 47/118/54 32/95/54
f 45/112/55 60/119/55 90/120/55
f 59/110/56 125/121/56 74/122/56
f 53/115/57 68/123/57 67/124/57 52/111/57
f 46/116/58 61/125/58 60/119/58 45/112/58
f 54/117/59 69/126/59 68/123/59 53/115/59
f 47/118/60 62/127/60 61/125/60 46/116/60
f 55/103/61 70/128/61 69/126/61 54/117/61
f 48/105/62 63/129/62 62/127/62 47/118/62
f 56/102/63 71/130/63 70/128/63 55/103/63
f 49/104/64 64/131/64 63/129/64 48/105/64
f 57/106/65 72/132/65 71/130/65 56/102/65
f 50/107/66 65/133/66 64/131/66 49/104/66
f 58/108/67 73/134/67 72/132/67 57/106/67
f 51/109/68 66/135/68 65/133/68 50/107/68
f 59/110/69 74/122/69 73/134/69 58/108/69
f 52/111/70 67/124/70 66/135/70 51/109/70
f 64/131/71 79/136/71 78/137/71 63/129/71
f 72/132/72 87/138/72 86/139/72 71/130/72
f 65/133/73 80/140/73 79/136/73 64/131/73
f 73/134/74 88/141/74 87/138/74 72/132/74
f 66/135/75 81/142/75 80/140/75 65/133/75
f 74/122/76 89/143/76 88/141/76 73/134/76
f 67/124/77 82/144/77 81/142/77 66/135/77
f 60/119/78 75/145/78 90/146/78
f 74/122/79 125/147/79 89/143/79
f 68/123/80 83/148/80 82/144/80 67/124/80
f 61/125/81 76/149/81 75/145/81 60/119/81
f 69/126/82 84/150/82 83/148/82 68/123/82
f 62/127/83 77/151/83 76/149/83 61/125/83
f 70/128/84 85/152/84 84/150/84 69/126/84
f 63/129/85 78/137/85 77/151/85 62/127/85
f 71/130/86 86/139/86 85/152/86 70/128/86
f 83/148/87 99/153/87 98/154/87 82/144/87
f 76/149/88 92/155/88 91/156/88 75/145/88
f 84/150/89 100/157/89 99/153/89 83/148/89
f 77/151/90 93/158/90 92/155/90 76/149/90
f 85/152/91 101/159/91 100/157/91 84/150/91
f 78/137/92 94/160/92 93/158/92 77/151/92
f 86/139/93 102/161/93 101/159/93 85/152/93
f 79/136/94 95/162/94 94/160/94 78/137/94
f 87/138/95 103/163/95 102/161/95 86/139/95
f 80/140/96 96/164/96 95/162/96 79/136/96
f 88/141/97 104/165/97 103/163/97 87/138/97
f 81/142/98 97/166/98 96/164/98 80/140/98
f 89/143/99 105/167/99 104/165/99 88/141/99
f 82/144/100 98/154/100 97/166/100 81/142/100
f 75/145/101 91/156/101 90/168/101
f 89/143/102 125/169/102 105/167/102
f 103/163/103 118/170/103 117/171/103 102/161/103
f 96/164/104 111/172/104 110/173/104 95/162/104
f 104/165/105 119/174/105 118/170/105 103/163/105
f 97/166/106 112/175/106 111/172/106 96/164/106
f 105/167/107 120/176/107 119/174/107 104/165/107
f 98/154/108 113/177/108 112/175/108 97/166/108
f 91/156/109 106/178/109 90/179/109
f 105/167/110 125/180/110 120/176/110
f 99/153/111 114/181/111 113/177/111 98/154/111
f 92/155/112 107/182/112 106/178/112 91/156/112
f 100/157/113 115/183/113 114/181/113 99/153/113
f 93/158/114 108/184/114 107/182/114 92/155/114
f 101/159/115 116/185/115 115/183/115 100/157/115
f 94/160/116 109/186/116 108/184/116 93/158/116
f 102/161/117 117/171/117 116/185/117 101/159/117
f 95/162/118 110/173/118 109/186/118 94/160/118
f 106/178/119 107/182/119 275/187/119 276/188/119
f 114/181/120 115/183/120 123/189/120 287/190/120 288/191/120
f 107/182/121 108/184/121 278/192/121 275/187/121
f 123/189/122 115/183/122 116/185/122 279/193/122 280/194/122
f 108/184/123 109/186/123 121/195/123 277/196/123 278/192/123
f 116/185/124 117/171/124 124/197/124 281/198/124 279/193/124
f 109/186/125 110/173/125 284/199/125 283/200/125 121/195/125
f 117/171/126 118/170/126 267/201/126 266/202/126 124/197/126
f 110/173/127 111/172/127 122/203/127 282/204/127 284/199/127
f 267/201/128 118/170/128 119/174/128 264/205/128
f 111/172/129 112/175/129 286/206/129 289/207/129 122/203/129
f 264/205/130 119/174/130 120/176/130 268/208/130
f 112/175/131 113/177/131 285/209/131 286/206/131
f 106/178/132 276/188/132 90/210/132
f 120/176/133 125/211/133 268/208/133
f 113/177/134 114/181/134 288/191/134 285/209/134
f 282/204/135 122/203/135 291/212/135
f 291/212/136 122/203/136 289/207/136
f 287/190/137 123/189/137 290/213/137
f 290/213/138 123/189/138 280/194/138
f 277/196/139 121/195/139 292/214/139
f 281/198/140 124/197/140 265/215/140
f 292/214/141 121/195/141 283/200/141
f 265/215/142 124/197/142 266/202/142
f 132/216/143 131/217/143 260/218/143 257/219/143
f 269/220/144 140/221/144 139/222/144 263/223/144
f 133/224/145 132/216/145 257/219/145 255/225/145
f 126/226/146 90/227/146 274/228/146
f 140/221/147 269/220/147 125/229/147
f 134/230/148 133/224/148 255/225/148 256/231/148
f 127/232/149 126/226/149 274/228/149 272/233/149
f 135/234/150 134/230/150 256/231/150 261/235/150
f 128/236/151 127/232/151 272/233/151 273/237/151
f 136/238/152 135/234/152 261/235/152 259/239/152
f 129/240/153 128/236/153 273/237/153 271/241/153
f 137/242/154 136/238/154 259/239/154 270/243/154
f 258/244/155 130/245/155 129/240/155 271/241/155
f 262/246/156 138/247/156 137/242/156 270/243/156
f 131/217/157 130/245/157 258/244/157 260/218/157
f 263/223/158 139/222/158 138/247/158 262/246/158
f 135/248/159 136/249/159 151/250/159 150/251/159
f 129/252/160 144/253/160 143/254/160 128/255/160
f 136/249/161 137/256/161 152/257/161 151/250/161
f 129/252/162 130/258/162 145/259/162 144/253/162
f 152/257/163 137/256/163 138/260/163 153/261/163
f 130/258/164 131/262/164 146/263/164 145/259/164
f 153/261/165 138/260/165 139/264/165 154/265/165
f 131/262/166 132/266/166 147/267/166 146/263/166
f 154/265/167 139/264/167 140/268/167 155/269/167
f 132/266/168 133/270/168 148/271/168 147/267/168
f 141/272/169 90/273/169 126/274/169
f 155/269/170 140/268/170 125/275/170
f 133/270/171 134/276/171 149/277/171 148/271/171
f 127/278/172 142/279/172 141/272/172 126/274/172
f 134/276/173 135/248/173 150/251/173 149/277/173
f 128/255/174 143/254/174 142/279/174 127/278/174
f 155/269/175 170/280/175 169/281/175 154/265/175
f 148/271/176 163/282/176 162/283/176 147/267/176
f 156/284/177 90/285/177 141/272/177
f 170/280/178 155/269/178 125/286/178
f 149/277/179 164/287/179 163/282/179 148/271/179
f 142/279/180 157/288/180 156/284/180 141/272/180
f 150/251/181 165/289/181 164/287/181 149/277/181
f 143/254/182 158/290/182 157/288/182 142/279/182
f 151/250/183 166/291/183 165/289/183 150/251/183
f 144/253/184 159/292/184 158/290/184 143/254/184
f 152/257/185 167/293/185 166/291/185 151/250/185
f 145/259/186 160/294/186 159/292/186 144/253/186
f 153/261/187 168/295/187 167/293/187 152/257/187
f 146/263/188 161/296/188 160/294/188 145/259/188
f 154/265/189 169/281/189 168/295/189 153/261/189
f 147/267/190 162/283/190 161/296/190 146/263/190
f 159/292/191 174/297/191 173/298/191 158/290/191
f 167/293/192 182/299/192 181/300/192 166/291/192
f 160/294/193 175/301/193 174/297/193 159/292/193
f 168/295/194 183/302/194 182/299/194 167/293/194
f 161/296/195 176/303/195 175/301/195 160/294/195
f 169/281/196 184/304/196 183/302/196 168/295/196
f 162/283/197 177/305/197 176/303/197 161/296/197
f 170/280/198 185/306/198 184/304/198 169/281/198
f 163/282/199 178/307/199 177/305/199 162/283/199
f 171/308/200 90/309/200 156/284/200
f 185/306/201 170/280/201 125/310/201
f 164/287/202 179/311/202 178/307/202 163/282/202
f 157/288/203 172/312/203 171/308/203 156/284/203
f 165/289/204 180/313/204 179/311/204 164/287/204
f 158/290/205 173/298/205 172/312/205 157/288/205
f 166/291/206 181/300/206 180/313/206 165/289/206
f 178/307/207 193/314/207 192/315/207 177/305/207
f 186/316/208 90/317/208 171/308/208
f 200/318/209 185/306/209 125/319/209
f 179/311/210 194/320/210 193/314/210 178/307/210
f 172/312/211 187/321/211 186/316/211 171/308/211
f 180/313/212 195/322/212 194/320/212 179/311/212
f 173/298/213 188/323/213 187/321/213 172/312/213
f 181/300/214 196/324/214 195/322/214 180/313/214
f 174/297/215 189/325/215 188/323/215 173/298/215
f 182/299/216 197/326/216 196/324/216 181/300/216
f 175/301/217 190/327/217 189/325/217 174/297/217
f 183/302/218 198/328/218 197/326/218 182/299/218
f 176/303/219 191/329/219 190/327/219 175/301/219
f 184/304/220 199/330/220 198/328/220 183/302/220
f 177/305/221 192/315/221 191/329/221 176/303/221
f 185/306/222 200/318/222 199/330/222 184/304/222
f 197/326/223 212/331/223 211/332/223 196/324/223
f 190/327/224 205/333/224 204/334/224 189/325/224
f 198/328/225 213/335/225 212/331/225 197/326/225
f 191/329/226 206/336/226 205/333/226 190/327/226
f 199/330/227 214/337/227 213/335/227 198/328/227
f 192/315/228 207/338/228 206/336/228 191/329/228
f 200/318/229 215/339/229 214/337/229 199/330/229
f 193/314/230 208/340/230 207/338/230 192/315/230
f 201/341/231 90/342/231 186/316/231
f 215/339/232 200/318/232 125/343/232
f 194/320/233 209/344/233 208/340/233 193/314/233
f 187/321/234 202/345/234 201/341/234 186/316/234
f 195/322/235 210/346/235 209/344/235 194/320/235
f 188/323/236 203/347/236 202/345/236 187/321/236
f 196/324/237 211/332/237 210/346/237 195/322/237
f 189/325/238 204/334/238 203/347/238 188/323/238
f 230/348/239 215/339/239 125/349/239
f 209/344/240 224/350/240 223/351/240 208/340/240
f 202/345/241 217/352/241 216/353/241 201/341/241
f 210/346/242 225/354/242 224/350/242 209/344/242
f 203/347/243 218/355/243 217/352/243 202/345/243
f 211/332/244 226/356/244 225/354/244 210/346/244
f 204/334/245 219/357/245 218/355/245 203/347/245
f 212/331/246 227/358/246 226/356/246 211/332/246
f 205/333/247 220/359/247 219/357/247 204/334/247
f 213/335/248 228/360/248 227/358/248 212/331/248
f 206/336/249 221/361/249 220/359/249 205/333/249
f 214/337/250 229/362/250 228/360/250 213/335/250
f 207/338/251 222/363/251 221/361/251 206/336/251
f 215/339/252 230/348/252 229/362/252 214/337/252
f 208/340/253 223/351/253 222/363/253 207/338/253
f 216/353/254 90/364/254 201/341/254
f 228/360/255 243/365/255 242/366/255 227/358/255
f 221/361/256 236/367/256 235/368/256 220/359/256
f 229/362/257 244/369/257 243/365/257 228/360/257
f 222/363/258 237/370/258 236/367/258 221/361/258
f 230/348/259 245/371/259 244/369/259 229/362/259
f 223/351/260 238/372/260 237/370/260 222/363/260
f 231/373/261 90/374/261 216/353/261
f 245/371/262 230/348/262 125/375/262
f 224/350/263 239/376/263 238/372/263 223/351/263
f 217/352/264 232/377/264 231/373/264 216/353/264
f 225/354/265 240/378/265 239/376/265 224/350/265
f 218/355/266 233/379/266 232/377/266 217/352/266
f 226/356/267 241/380/267 240/378/267 225/354/267
f 219/357/268 234/381/268 233/379/268 218/355/268
f 227/358/269 242/366/269 241/380/269 226/356/269
f 220/359/270 235/368/270 234/381/270 219/357/270
f 232/377/271 247/57/271 246/60/271 231/373/271
f 240/378/272 250/61/272 10/53/272 239/376/272
f 233/379/273 1/63/273 247/57/273 232/377/273
f 241/380/274 12/65/274 250/61/274 240/378/274
f 234/381/275 248/67/275 1/63/275 233/379/275
f 242/366/276 251/69/276 12/65/276 241/380/276
f 235/368/277 4/71/277 248/67/277 234/381/277
f 243/365/278 252/73/278 251/69/278 242/366/278
f 236/367/279 249/75/279 4/71/279 235/368/279
f 244/369/280 253/77/280 252/73/280 243/365/280
f 237/370/281 6/79/281 249/75/281 236/367/281
f 245/371/282 254/81/282 253/77/282 244/369/282
f 238/372/283 8/56/283 6/79/283 237/370/283
f 231/373/284 246/60/284 90/382/284
f 245/371/285 125/383/285 254/81/285
f 239/376/286 10/53/286 8/56/286 238/372/286
o Cube.001_Cube.004
v -103.158699 -103.158699 103.158699
v -103.158699 103.158699 103.158699
v 103.158699 -103.158699 103.158699
v 103.158699 103.158699 103.158699
v -103.158699 -103.158699 0.000000
v -103.158699 103.158699 0.000000
v 103.158699 -103.158699 0.000000
v 103.158699 103.158699 0.000000
v 0.000000 83.146965 -55.557030
v 0.000000 55.557030 -83.146965
v 0.000000 19.509033 -98.078529
v 0.000000 0.000000 -100.000008
v 0.000000 -19.509033 -98.078529
v 0.000000 -55.557030 -83.146965
v 3.806024 98.078529 -19.134172
v 7.465785 92.387955 -37.533031
v 10.838639 83.146965 -54.489517
v 13.794970 70.710678 -69.351990
v 16.221169 55.557030 -81.549316
v 18.023996 38.268349 -90.612747
v 19.134172 19.509033 -96.193977
v 19.509033 0.000000 -98.078529
v 19.134172 -19.509033 -96.193977
v 18.023996 -38.268349 -90.612747
v 16.221169 -55.557030 -81.549316
v 13.794970 -70.710678 -69.351990
v 10.838639 -83.146965 -54.489517
v 7.465785 -92.387955 -37.533031
v 3.806024 -98.078529 -19.134172
v 7.465784 98.078529 -18.023996
v 14.644662 92.387955 -35.355343
v 21.260754 83.146965 -51.327995
v 27.059807 70.710678 -65.328148
v 31.818964 55.557030 -76.817764
v 35.355335 38.268349 -85.355347
v 37.533028 19.509033 -90.612747
v 38.268345 0.000000 -92.387947
v 37.533028 -19.509033 -90.612747
v 35.355335 -38.268349 -85.355347
v 31.818964 -55.557030 -76.817764
v 27.059807 -70.710678 -65.328148
v 21.260754 -83.146965 -51.327995
v 14.644662 -92.387955 -35.355343
v 7.465784 -98.078529 -18.023996
v 10.838637 98.078529 -16.221167
v 21.260754 92.387955 -31.818968
v 30.865829 83.146965 -46.193970
v 39.284752 70.710678 -58.793781
v 46.193970 55.557030 -69.134163
v 51.327995 38.268349 -76.817772
v 54.489517 19.509033 -81.549316
v 55.557030 0.000000 -83.146950
v 54.489517 -19.509033 -81.549316
v 51.327995 -38.268349 -76.817772
v 46.193970 -55.557030 -69.134163
v 39.284752 -70.710678 -58.793781
v 30.865829 -83.146965 -46.193970
v 21.260754 -92.387955 -31.818968
v 10.838637 -98.078529 -16.221167
v 13.794968 98.078529 -13.794967
v 27.059807 92.387955 -27.059805
v 39.284748 83.146965 -39.284744
v 50.000004 70.710678 -50.000004
v 58.793774 55.557030 -58.793766
v 65.328140 38.268349 -65.328148
v 69.351990 19.509033 -69.351990
v 70.710678 0.000000 -70.710663
v 69.351990 -19.509033 -69.351990
v 65.328140 -38.268349 -65.328148
v 58.793774 -55.557030 -58.793766
v 50.000004 -70.710678 -50.000004
v 39.284748 -83.146965 -39.284744
v 27.059807 -92.387955 -27.059805
v 13.794968 -98.078529 -13.794967
v 16.221167 98.078529 -10.838635
v 31.818968 92.387955 -21.260752
v 46.193974 83.146965 -30.865824
v 58.793781 70.710678 -39.284752
v 69.134171 55.557030 -46.193966
v 76.817764 38.268349 -51.328003
v 81.549316 19.509033 -54.489506
v 83.146957 0.000000 -55.557003
v 81.549316 -19.509033 -54.489506
v 76.817764 -38.268349 -51.328003
v 69.134171 -55.557030 -46.193966
v 58.793781 -70.710678 -39.284752
v 46.193974 -83.146965 -30.865824
v 31.818968 -92.387955 -21.260752
v 16.221167 -98.078529 -10.838635
v 0.000000 100.000008 0.000000
v 18.023993 98.078529 -7.465782
v 35.355335 92.387955 -14.644659
v 51.327995 83.146965 -21.260746
v 65.328148 70.710678 -27.059807
v 76.817764 55.557030 -31.818953
v 85.355339 38.268349 -35.355343
v 90.612740 19.509033 -37.533016
v 92.387939 0.000000 -38.268326
v 90.612740 -19.509033 -37.533016
v 85.355339 -38.268349 -35.355343
v 76.817764 -55.557030 -31.818953
v 65.328148 -70.710678 -27.059807
v 51.327995 -83.146965 -21.260746
v 35.355335 -92.387955 -14.644659
v 18.023993 -98.078529 -7.465782
v 19.134167 98.078529 -3.806022
v 37.533028 92.387955 -7.465782
v 54.489510 83.146965 -10.838632
v 69.351990 70.710678 -13.794971
v 81.549309 55.557030 -16.221159
v 90.612740 38.268349 -18.024000
v 96.193970 19.509033 -19.134163
v 98.078514 0.000000 -19.509014
v 96.193970 -19.509033 -19.134163
v 90.612740 -38.268349 -18.024000
v 81.549309 -55.557030 -16.221159
v 69.351990 -70.710678 -13.794971
v 54.489510 -83.146965 -10.838632
v 37.533028 -92.387955 -7.465782
v 19.134167 -98.078529 -3.806022
v 19.509027 98.078529 0.000001
v 38.268341 92.387955 0.000002
v 55.557018 83.146965 0.000005
v 70.710670 70.710678 -0.000001
v 83.146950 55.557030 0.000009
v 92.387947 38.268349 -0.000004
v 98.078522 19.509033 0.000009
v 99.999977 0.000000 0.000016
v 98.078522 -19.509033 0.000009
v 92.387947 -38.268349 -0.000004
v 83.146950 -55.557030 0.000009
v 70.710670 -70.710678 -0.000001
v 55.557018 -83.146965 0.000005
v 38.268341 -92.387955 0.000002
v 19.509027 -98.078529 0.000001
v 19.134167 98.078529 3.806024
v 37.533028 92.387955 7.465786
v 54.489506 83.146965 10.838641
v 69.351990 70.710678 13.794967
v 81.549301 55.557030 16.221174
v 90.612740 38.268349 18.023991
v 96.193962 19.509033 19.134178
v 98.078499 0.000000 19.509043
v 96.193962 -19.509033 19.134178
v 90.612740 -38.268349 18.023991
v 81.549301 -55.557030 16.221174
v 69.351990 -70.710678 13.794967
v 54.489506 -83.146965 10.838641
v 37.533028 -92.387955 7.465786
v 19.134167 -98.078529 3.806024
v 18.023991 98.078529 7.465783
v 35.355335 92.387955 14.644662
v 51.327984 83.146965 21.260754
v 65.328140 70.710678 27.059801
v 76.817757 55.557030 31.818968
v 85.355339 38.268349 35.355331
v 90.612732 19.509033 37.533031
v 92.387909 0.000000 38.268349
v 90.612732 -19.509033 37.533031
v 85.355339 -38.268349 35.355331
v 76.817757 -55.557030 31.818968
v 65.328140 -70.710678 27.059801
v 51.327984 -83.146965 21.260754
v 35.355335 -92.387955 14.644662
v 18.023991 -98.078529 7.465783
v 16.221161 98.078529 10.838634
v 31.818960 92.387955 21.260754
v 46.193958 83.146965 30.865826
v 58.793774 70.710678 39.284744
v 69.134148 55.557030 46.193970
v 76.817764 38.268349 51.327988
v 81.549301 19.509033 54.489510
v 83.146919 0.000000 55.557022
v 81.549301 -19.509033 54.489510
v 76.817764 -38.268349 51.327988
v 69.134148 -55.557030 46.193970
v 58.793774 -70.710678 39.284744
v 46.193958 -83.146965 30.865826
v 31.818960 -92.387955 21.260754
v 16.221161 -98.078529 10.838634
v 13.794962 98.078529 13.794964
v 27.059797 92.387955 27.059805
v 39.284729 83.146965 39.284744
v 49.999996 70.710678 49.999996
v 58.793755 55.557030 58.793766
v 65.328140 38.268349 65.328133
v 69.351974 19.509033 69.351990
v 70.710632 0.000000 70.710670
v 69.351974 -19.509033 69.351990
v 65.328140 -38.268349 65.328133
v 58.793755 -55.557030 58.793766
v 49.999996 -70.710678 49.999996
v 39.284729 -83.146965 39.284744
v 27.059797 -92.387955 27.059805
v 13.794962 -98.078529 13.794964
v 10.838632 98.078529 16.221161
v 21.260746 92.387955 31.818964
v 30.865810 83.146965 46.193970
v 39.284744 70.710678 58.793774
v 46.193954 55.557030 69.134155
v 51.327995 38.268349 76.817757
v 54.489491 19.509033 81.549309
v 55.556973 0.000000 83.146942
v 54.489491 -19.509033 81.549309
v 51.327995 -38.268349 76.817757
v 46.193954 -55.557030 69.134155
v 39.284744 -70.710678 58.793774
v 30.865810 -83.146965 46.193970
v 21.260746 -92.387955 31.818964
v 10.838632 -98.078529 16.221161
v 7.465779 98.078529 18.023987
v 14.644652 92.387955 35.355335
v 21.260738 83.146965 51.327984
v 27.059801 70.710678 65.328140
v 31.818945 55.557030 76.817757
v 35.355335 38.268349 85.355324
v 37.533005 19.509033 90.612732
v 38.268299 0.000000 92.387917
v 37.533005 -19.509033 90.612732
v 35.355335 -38.268349 85.355324
v 31.818945 -55.557030 76.817757
v 27.059801 -70.710678 65.328140
v 21.260738 -83.146965 51.327984
v 14.644652 -92.387955 35.355335
v 7.465779 -98.078529 18.023987
v 3.806020 98.078529 19.134161
v 7.465776 92.387955 37.533020
v 10.838624 83.146965 54.489491
v 13.794967 70.710678 69.351990
v 16.221153 55.557030 81.549294
v 18.023996 38.268349 90.612732
v 19.134153 19.509033 96.193947
v 19.508991 0.000000 98.078484
v 19.134153 -19.509033 96.193947
v 18.023996 -38.268349 90.612732
v 16.221153 -55.557030 81.549294
v 13.794967 -70.710678 69.351990
v 10.838624 -83.146965 54.489491
v 7.465776 -92.387955 37.533020
v 3.806020 -98.078529 19.134161
v -0.000001 98.078529 19.509020
v -0.000005 92.387955 38.268333
v -0.000010 83.146965 55.556999
v -0.000001 70.710678 70.710670
v -0.000010 55.557030 83.146935
v 0.000003 38.268349 92.387932
v -0.000013 19.509033 98.078499
v -0.000033 0.000000 99.999939
v -0.000013 -19.509033 98.078499
v 0.000003 -38.268349 92.387932
v -0.000010 -55.557030 83.146935
v -0.000001 -70.710678 70.710670
v -0.000010 -83.146965 55.556999
v -0.000005 -92.387955 38.268333
v -0.000001 -98.078529 19.509020
v -3.806022 98.078529 19.134159
v -7.465787 92.387955 37.533020
v -10.838643 83.146965 54.489487
v -13.794968 70.710678 69.351982
v -16.221172 55.557030 81.549286
v -18.023989 38.268349 90.612724
v -19.134180 19.509033 96.193947
v -19.509052 0.000000 98.078461
v -19.134180 -19.509033 96.193947
v -18.023989 -38.268349 90.612724
v -16.221172 -55.557030 81.549286
v -13.794968 -70.710678 69.351982
v -10.838643 -83.146965 54.489487
v -7.465787 -92.387955 37.533020
v -3.806022 -98.078529 19.134159
v -7.465779 98.078529 18.023983
v -14.644662 92.387955 35.355331
v -21.260752 83.146965 51.327965
v -27.059801 70.710678 65.328133
v -31.818964 55.557030 76.817749
v -35.355328 38.268349 85.355316
v -37.533028 19.509033 90.612709
v -38.268349 0.000000 92.387878
v -37.533028 -19.509033 90.612709
v -35.355328 -38.268349 85.355316
v -31.818964 -55.557030 76.817749
v -27.059801 -70.710678 65.328133
v -21.260752 -83.146965 51.327965
v -14.644662 -92.387955 35.355331
v -7.465779 -98.078529 18.023983
v -10.838631 98.078529 16.221157
v -21.260752 92.387955 31.818954
v -30.865820 83.146965 46.193943
v -39.284744 70.710678 58.793766
v -46.193966 55.557030 69.134140
v -51.327976 38.268349 76.817757
v -54.489510 19.509033 81.549278
v -55.557018 0.000000 83.146881
v -54.489510 -19.509033 81.549278
v -51.327976 -38.268349 76.817757
v -46.193966 -55.557030 69.134140
v -39.284744 -70.710678 58.793766
v -30.865820 -83.146965 46.193943
v -21.260752 -92.387955 31.818954
v -10.838631 -98.078529 16.221157
v -13.794959 98.078529 13.794957
v -27.059801 92.387955 27.059795
v -39.284733 83.146965 39.284714
v -49.999992 70.710678 49.999992
v -58.793762 55.557030 58.793743
v -65.328125 38.268349 65.328133
v -69.351982 19.509033 69.351959
v -70.710655 0.000000 70.710602
v -69.351982 -19.509033 69.351959
v -65.328125 -38.268349 65.328133
v -58.793762 -55.557030 58.793743
v -49.999992 -70.710678 49.999992
v -39.284733 -83.146965 39.284714
v -27.059801 -92.387955 27.059795
v -13.794959 -98.078529 13.794957
v 0.000000 -100.000008 0.000000
v -16.221157 98.078529 10.838629
v -31.818958 92.387955 21.260742
v -46.193954 83.146965 30.865795
v -58.793766 70.710678 39.284740
v -69.134148 55.557030 46.193947
v -76.817749 38.268349 51.327984
v -81.549301 19.509033 54.489471
v -83.146919 0.000000 55.556942
v -81.549301 -19.509033 54.489471
v -76.817749 -38.268349 51.327984
v -69.134148 -55.557030 46.193947
v -58.793766 -70.710678 39.284740
v -46.193954 -83.146965 30.865795
v -31.818958 -92.387955 21.260742
v -16.221157 -98.078529 10.838629
v -18.023983 98.078529 7.465775
v -35.355328 92.387955 14.644652
v -51.327965 83.146965 21.260725
v -65.328133 70.710678 27.059797
v -76.817749 55.557030 31.818933
v -85.355309 38.268349 35.355328
v -90.612724 19.509033 37.532993
v -92.387894 0.000000 38.268269
v -90.612724 -19.509033 37.532993
v -85.355309 -38.268349 35.355328
v -76.817749 -55.557030 31.818933
v -65.328133 -70.710678 27.059797
v -51.327965 -83.146965 21.260725
v -35.355328 -92.387955 14.644652
v -18.023983 -98.078529 7.465775
v -19.134157 98.078529 3.806018
v -37.533012 92.387955 7.465775
v -54.489471 83.146965 10.838615
v -69.351982 70.710678 13.794964
v -81.549278 55.557030 16.221144
v -90.612717 38.268349 18.023991
v -96.193947 19.509033 19.134140
v -98.078445 0.000000 19.508972
v -96.193947 -19.509033 19.134140
v -90.612717 -38.268349 18.023991
v -81.549278 -55.557030 16.221144
v -69.351982 -70.710678 13.794964
v -54.489471 -83.146965 10.838615
v -37.533012 -92.387955 7.465775
v -19.134157 -98.078529 3.806018
v -19.509016 98.078529 -0.000002
v -38.268330 92.387955 -0.000005
v -55.556980 83.146965 -0.000015
v -70.710663 70.710678 -0.000003
v -83.146927 55.557030 -0.000016
v -92.387917 38.268349 -0.000001
v -98.078491 19.509033 -0.000027
v -99.999908 0.000000 -0.000045
v -98.078491 -19.509033 -0.000027
v -92.387917 -38.268349 -0.000001
v -83.146927 -55.557030 -0.000016
v -70.710663 -70.710678 -0.000003
v -55.556980 -83.146965 -0.000015
v -38.268330 -92.387955 -0.000005
v -19.509016 -98.078529 -0.000002
v -19.134155 98.078529 -3.806022
v -37.533009 92.387955 -7.465786
v -54.489468 83.146965 -10.838644
v -69.351974 70.710678 -13.794970
v -81.549271 55.557030 -16.221176
v -90.612709 38.268349 -18.023991
v -96.193924 19.509033 -19.134190
v -98.078430 0.000000 -19.509060
v -96.193924 -19.509033 -19.134190
v -90.612709 -38.268349 -18.023991
v -81.549271 -55.557030 -16.221176
v -69.351974 -70.710678 -13.794970
v -54.489468 -83.146965 -10.838644
v -37.533009 -92.387955 -7.465786
v -19.134155 -98.078529 -3.806022
v -18.023979 98.078529 -7.465779
v -35.355324 92.387955 -14.644659
v -51.327946 83.146965 -21.260750
v -65.328133 70.710678 -27.059801
v -76.817726 55.557030 -31.818964
v -85.355309 38.268349 -35.355328
v -90.612694 19.509033 -37.533035
v -92.387848 0.000000 -38.268349
v -90.612694 -19.509033 -37.533035
v -85.355309 -38.268349 -35.355328
v -76.817726 -55.557030 -31.818964
v -65.328133 -70.710678 -27.059801
v -51.327946 -83.146965 -21.260750
v -35.355324 -92.387955 -14.644659
v -18.023979 -98.078529 -7.465779
v -16.221151 98.078529 -10.838631
v -31.818945 92.387955 -21.260746
v -46.193924 83.146965 -30.865818
v -58.793762 70.710678 -39.284744
v -69.134117 55.557030 -46.193966
v -76.817749 38.268349 -51.327976
v -81.549263 19.509033 -54.489510
v -83.146851 0.000000 -55.557011
v -81.549263 -19.509033 -54.489510
v -76.817749 -38.268349 -51.327976
v -69.134117 -55.557030 -46.193966
v -58.793762 -70.710678 -39.284744
v -46.193924 -83.146965 -30.865818
v -31.818945 -92.387955 -21.260746
v -16.221151 -98.078529 -10.838631
v -13.794955 98.078529 -13.794957
v -27.059790 92.387955 -27.059795
v -39.284695 83.146965 -39.284729
v -49.999985 70.710678 -49.999992
v -58.793724 55.557030 -58.793755
v -65.328117 38.268349 -65.328117
v -69.351936 19.509033 -69.351974
v -70.710571 0.000000 -70.710640
v -69.351936 -19.509033 -69.351974
v -65.328117 -38.268349 -65.328117
v -58.793724 -55.557030 -58.793755
v -49.999985 -70.710678 -49.999992
v -39.284695 -83.146965 -39.284729
v -27.059790 -92.387955 -27.059795
v -13.794955 -98.078529 -13.794957
v -10.838626 98.078529 -16.221153
v -21.260738 92.387955 -31.818953
v -30.865780 83.146965 -46.193947
v -39.284733 70.710678 -58.793766
v -46.193932 55.557030 -69.134140
v -51.327972 38.268349 -76.817749
v -54.489460 19.509033 -81.549286
v -55.556927 0.000000 -83.146904
v -54.489460 -19.509033 -81.549286
v -51.327972 -38.268349 -76.817749
v -46.193932 -55.557030 -69.134140
v -39.284733 -70.710678 -58.793766
v -30.865780 -83.146965 -46.193947
v -21.260738 -92.387955 -31.818953
v -10.838626 -98.078529 -16.221153
v -7.465774 98.078529 -18.023977
v -14.644650 92.387955 -35.355328
v -21.260712 83.146965 -51.327953
v -27.059792 70.710678 -65.328133
v -31.818924 55.557030 -76.817734
v -35.355320 38.268349 -85.355309
v -37.532982 19.509033 -90.612701
v -38.268257 0.000000 -92.387871
v -37.532982 -19.509033 -90.612701
v -35.355320 -38.268349 -85.355309
v -31.818924 -55.557030 -76.817734
v -27.059792 -70.710678 -65.328133
v -21.260712 -83.146965 -51.327953
v -14.644650 -92.387955 -35.355328
v -7.465774 -98.078529 -18.023977
v -3.806018 98.078529 -19.134151
v -7.465774 92.387955 -37.533009
v -10.838605 83.146965 -54.489456
v -13.794957 70.710678 -69.351982
v -16.221134 55.557030 -81.549263
v -18.023983 38.268349 -90.612701
v -19.134134 19.509033 -96.193924
v -19.508965 0.000000 -98.078423
v -19.134134 -19.509033 -96.193924
v -18.023983 -38.268349 -90.612701
v -16.221134 -55.557030 -81.549263
v -13.794957 -70.710678 -69.351982
v -10.838605 -83.146965 -54.489456
v -7.465774 -92.387955 -37.533009
v -3.806018 -98.078529 -19.134151
v 0.000001 98.078529 -19.509012
v 0.000007 92.387955 -38.268326
v 0.000009 70.710678 -70.710663
v 0.000006 38.268349 -92.387909
v 0.000006 -38.268349 -92.387909
v 0.000009 -70.710678 -70.710663
v 0.000022 -83.146965 -55.556957
v 0.000007 -92.387955 -38.268326
v 0.000001 -98.078529 -19.509012
vt 0.375000 0.625000
vt 0.625000 0.625000
vt 0.625000 0.750000
vt 0.375000 0.750000
vt 0.625000 1.000000
vt 0.375000 1.000000
vt 0.125000 0.625000
vt 0.125000 0.750000
vt 0.875000 0.625000
vt 0.875000 0.750000
vt 0.375000 0.000000
vt 0.625000 0.000000
vt 0.625000 0.125000
vt 0.375000 0.125000
vt 0.750000 0.437500
vt 0.750000 0.500000
vt 0.718750 0.500000
vt 0.718750 0.437500
vt 0.750000 0.875000
vt 0.750000 0.937500
vt 0.718750 0.937500
vt 0.718750 0.875000
vt 0.750000 0.375000
vt 0.718750 0.375000
vt 0.750000 0.812500
vt 0.718750 0.812500
vt 0.750000 0.312500
vt 0.718750 0.312500
vt 0.750000 0.750000
vt 0.718750 0.750000
vt 0.750000 0.250000
vt 0.718750 0.250000
vt 0.750000 0.687500
vt 0.718750 0.687500
vt 0.750000 0.187500
vt 0.718750 0.187500
vt 0.750000 0.625000
vt 0.718750 0.625000
vt 0.750000 0.125000
vt 0.718750 0.125000
vt 0.750000 0.562500
vt 0.718750 0.562500
vt 0.750000 0.062500
vt 0.718750 0.062500
vt 0.734375 1.000000
vt 0.734375 0.000000
vt 0.687500 0.125000
vt 0.687500 0.062500
vt 0.687500 0.562500
vt 0.687500 0.500000
vt 0.703125 1.000000
vt 0.687500 0.937500
vt 0.703125 0.000000
vt 0.687500 0.437500
vt 0.687500 0.875000
vt 0.687500 0.375000
vt 0.687500 0.812500
vt 0.687500 0.312500
vt 0.687500 0.750000
vt 0.687500 0.250000
vt 0.687500 0.687500
vt 0.687500 0.187500
vt 0.687500 0.625000
vt 0.656250 0.312500
vt 0.656250 0.250000
vt 0.656250 0.750000
vt 0.656250 0.687500
vt 0.656250 0.187500
vt 0.656250 0.625000
vt 0.656250 0.125000
vt 0.656250 0.562500
vt 0.656250 0.062500
vt 0.656250 0.500000
vt 0.671875 1.000000
vt 0.656250 0.937500
vt 0.671875 0.000000
vt 0.656250 0.437500
vt 0.656250 0.875000
vt 0.656250 0.375000
vt 0.656250 0.812500
vt 0.640625 1.000000
vt 0.625000 0.937500
vt 0.640625 0.000000
vt 0.625000 0.062500
vt 0.625000 0.500000
vt 0.625000 0.437500
vt 0.625000 0.875000
vt 0.625000 0.375000
vt 0.625000 0.812500
vt 0.625000 0.312500
vt 0.625000 0.750000
vt 0.625000 0.250000
vt 0.625000 0.687500
vt 0.625000 0.187500
vt 0.625000 0.625000
vt 0.625000 0.125000
vt 0.625000 0.562500
vt 0.593750 0.750000
vt 0.593750 0.687500
vt 0.593750 0.250000
vt 0.593750 0.187500
vt 0.593750 0.625000
vt 0.593750 0.125000
vt 0.593750 0.562500
vt 0.593750 0.062500
vt 0.593750 0.500000
vt 0.609375 1.000000
vt 0.593750 0.937500
vt 0.609375 0.000000
vt 0.593750 0.437500
vt 0.593750 0.875000
vt 0.593750 0.375000
vt 0.593750 0.812500
vt 0.593750 0.312500
vt 0.562500 0.500000
vt 0.562500 0.437500
vt 0.562500 0.937500
vt 0.562500 0.875000
vt 0.562500 0.375000
vt 0.562500 0.812500
vt 0.562500 0.312500
vt 0.562500 0.750000
vt 0.562500 0.250000
vt 0.562500 0.687500
vt 0.562500 0.187500
vt 0.562500 0.625000
vt 0.562500 0.125000
vt 0.562500 0.562500
vt 0.562500 0.062500
vt 0.578125 1.000000
vt 0.578125 0.000000
vt 0.531250 0.250000
vt 0.531250 0.187500
vt 0.531250 0.687500
vt 0.531250 0.625000
vt 0.531250 0.125000
vt 0.531250 0.562500
vt 0.531250 0.062500
vt 0.531250 0.500000
vt 0.546875 1.000000
vt 0.531250 0.937500
vt 0.546875 0.000000
vt 0.531250 0.437500
vt 0.531250 0.875000
vt 0.531250 0.375000
vt 0.531250 0.812500
vt 0.531250 0.312500
vt 0.531250 0.750000
vt 0.500000 0.937500
vt 0.500000 0.875000
vt 0.500000 0.437500
vt 0.500000 0.375000
vt 0.500000 0.812500
vt 0.500000 0.312500
vt 0.500000 0.750000
vt 0.500000 0.250000
vt 0.500000 0.687500
vt 0.500000 0.187500
vt 0.500000 0.625000
vt 0.500000 0.125000
vt 0.500000 0.562500
vt 0.500000 0.062500
vt 0.500000 0.500000
vt 0.515625 1.000000
vt 0.515625 0.000000
vt 0.468750 0.687500
vt 0.468750 0.625000
vt 0.468750 0.187500
vt 0.468750 0.125000
vt 0.468750 0.562500
vt 0.468750 0.062500
vt 0.468750 0.500000
vt 0.484375 1.000000
vt 0.468750 0.937500
vt 0.484375 0.000000
vt 0.468750 0.437500
vt 0.468750 0.875000
vt 0.468750 0.375000
vt 0.468750 0.812500
vt 0.468750 0.312500
vt 0.468750 0.750000
vt 0.468750 0.250000
vt 0.437500 0.437500
vt 0.437500 0.375000
vt 0.437500 0.875000
vt 0.437500 0.812500
vt 0.437500 0.312500
vt 0.437500 0.750000
vt 0.437500 0.250000
vt 0.437500 0.687500
vt 0.437500 0.187500
vt 0.437500 0.625000
vt 0.437500 0.125000
vt 0.437500 0.562500
vt 0.437500 0.062500
vt 0.437500 0.500000
vt 0.453125 1.000000
vt 0.437500 0.937500
vt 0.453125 0.000000
vt 0.406250 0.187500
vt 0.406250 0.125000
vt 0.406250 0.625000
vt 0.406250 0.562500
vt 0.406250 0.062500
vt 0.406250 0.500000
vt 0.421875 1.000000
vt 0.406250 0.937500
vt 0.421875 0.000000
vt 0.406250 0.437500
vt 0.406250 0.875000
vt 0.406250 0.375000
vt 0.406250 0.812500
vt 0.406250 0.312500
vt 0.406250 0.750000
vt 0.406250 0.250000
vt 0.406250 0.687500
vt 0.375000 0.375000
vt 0.375000 0.312500
vt 0.375000 0.812500
vt 0.375000 0.750000
vt 0.375000 0.250000
vt 0.375000 0.687500
vt 0.375000 0.187500
vt 0.375000 0.625000
vt 0.375000 0.125000
vt 0.375000 0.562500
vt 0.375000 0.062500
vt 0.375000 0.500000
vt 0.390625 1.000000
vt 0.375000 0.937500
vt 0.390625 0.000000
vt 0.375000 0.437500
vt 0.375000 0.875000
vt 0.343750 0.125000
vt 0.343750 0.062500
vt 0.343750 0.562500
vt 0.343750 0.500000
vt 0.359375 1.000000
vt 0.343750 0.937500
vt 0.359375 0.000000
vt 0.343750 0.437500
vt 0.343750 0.875000
vt 0.343750 0.375000
vt 0.343750 0.812500
vt 0.343750 0.312500
vt 0.343750 0.750000
vt 0.343750 0.250000
vt 0.343750 0.687500
vt 0.343750 0.187500
vt 0.343750 0.625000
vt 0.312500 0.812500
vt 0.312500 0.750000
vt 0.312500 0.312500
vt 0.312500 0.250000
vt 0.312500 0.687500
vt 0.312500 0.187500
vt 0.312500 0.625000
vt 0.312500 0.125000
vt 0.312500 0.562500
vt 0.312500 0.062500
vt 0.312500 0.500000
vt 0.328125 1.000000
vt 0.312500 0.937500
vt 0.328125 0.000000
vt 0.312500 0.437500
vt 0.312500 0.875000
vt 0.312500 0.375000
vt 0.281250 0.562500
vt 0.281250 0.500000
vt 0.296875 1.000000
vt 0.281250 0.937500
vt 0.296875 0.000000
vt 0.281250 0.062500
vt 0.281250 0.437500
vt 0.281250 0.875000
vt 0.281250 0.375000
vt 0.281250 0.812500
vt 0.281250 0.312500
vt 0.281250 0.750000
vt 0.281250 0.250000
vt 0.281250 0.687500
vt 0.281250 0.187500
vt 0.281250 0.625000
vt 0.281250 0.125000
vt 0.250000 0.312500
vt 0.250000 0.250000
vt 0.250000 0.750000
vt 0.250000 0.687500
vt 0.250000 0.187500
vt 0.250000 0.625000
vt 0.250000 0.125000
vt 0.250000 0.562500
vt 0.250000 0.062500
vt 0.250000 0.500000
vt 0.265625 1.000000
vt 0.250000 0.937500
vt 0.265625 0.000000
vt 0.250000 0.437500
vt 0.250000 0.875000
vt 0.250000 0.375000
vt 0.250000 0.812500
vt 0.234375 1.000000
vt 0.218750 0.937500
vt 0.234375 0.000000
vt 0.218750 0.062500
vt 0.218750 0.500000
vt 0.218750 0.437500
vt 0.218750 0.875000
vt 0.218750 0.375000
vt 0.218750 0.812500
vt 0.218750 0.312500
vt 0.218750 0.750000
vt 0.218750 0.250000
vt 0.218750 0.687500
vt 0.218750 0.187500
vt 0.218750 0.625000
vt 0.218750 0.125000
vt 0.218750 0.562500
vt 0.187500 0.750000
vt 0.187500 0.687500
vt 0.187500 0.250000
vt 0.187500 0.187500
vt 0.187500 0.625000
vt 0.187500 0.125000
vt 0.187500 0.562500
vt 0.187500 0.062500
vt 0.187500 0.500000
vt 0.203125 1.000000
vt 0.187500 0.937500
vt 0.203125 0.000000
vt 0.187500 0.437500
vt 0.187500 0.875000
vt 0.187500 0.375000
vt 0.187500 0.812500
vt 0.187500 0.312500
vt 0.156250 0.500000
vt 0.156250 0.437500
vt 0.156250 0.937500
vt 0.156250 0.875000
vt 0.156250 0.375000
vt 0.156250 0.812500
vt 0.156250 0.312500
vt 0.156250 0.750000
vt 0.156250 0.250000
vt 0.156250 0.687500
vt 0.156250 0.187500
vt 0.156250 0.625000
vt 0.156250 0.125000
vt 0.156250 0.562500
vt 0.156250 0.062500
vt 0.171875 1.000000
vt 0.171875 0.000000
vt 0.125000 0.250000
vt 0.125000 0.187500
vt 0.125000 0.687500
vt 0.125000 0.625000
vt 0.125000 0.125000
vt 0.125000 0.562500
vt 0.125000 0.062500
vt 0.125000 0.500000
vt 0.140625 1.000000
vt 0.125000 0.937500
vt 0.140625 0.000000
vt 0.125000 0.437500
vt 0.125000 0.875000
vt 0.125000 0.375000
vt 0.125000 0.812500
vt 0.125000 0.312500
vt 0.125000 0.750000
vt 0.093750 0.437500
vt 0.093750 0.375000
vt 0.093750 0.875000
vt 0.093750 0.812500
vt 0.093750 0.312500
vt 0.093750 0.750000
vt 0.093750 0.250000
vt 0.093750 0.687500
vt 0.093750 0.187500
vt 0.093750 0.625000
vt 0.093750 0.125000
vt 0.093750 0.562500
vt 0.093750 0.062500
vt 0.093750 0.500000
vt 0.109375 1.000000
vt 0.093750 0.937500
vt 0.109375 0.000000
vt 0.062500 0.187500
vt 0.062500 0.125000
vt 0.062500 0.625000
vt 0.062500 0.562500
vt 0.062500 0.062500
vt 0.062500 0.500000
vt 0.078125 1.000000
vt 0.062500 0.937500
vt 0.078125 0.000000
vt 0.062500 0.437500
vt 0.062500 0.875000
vt 0.062500 0.375000
vt 0.062500 0.812500
vt 0.062500 0.312500
vt 0.062500 0.750000
vt 0.062500 0.250000
vt 0.062500 0.687500
vt 0.031250 0.875000
vt 0.031250 0.812500
vt 0.031250 0.375000
vt 0.031250 0.312500
vt 0.031250 0.750000
vt 0.031250 0.250000
vt 0.031250 0.687500
vt 0.031250 0.187500
vt 0.031250 0.625000
vt 0.031250 0.125000
vt 0.031250 0.562500
vt 0.031250 0.062500
vt 0.031250 0.500000
vt 0.046875 1.000000
vt 0.031250 0.937500
vt 0.046875 0.000000
vt 0.031250 0.437500
vt 0.000000 0.625000
vt 0.000000 0.562500
vt 0.000000 0.125000
vt 0.000000 0.062500
vt 0.000000 0.500000
vt 0.015625 1.000000
vt 0.000000 0.937500
vt 0.015625 0.000000
vt 0.000000 0.437500
vt 0.000000 0.875000
vt 0.000000 0.375000
vt 0.000000 0.812500
vt 0.000000 0.312500
vt 0.000000 0.750000
vt 0.000000 0.250000
vt 0.000000 0.687500
vt 0.000000 0.187500
vt 1.000000 0.312500
vt 1.000000 0.375000
vt 0.968750 0.375000
vt 0.968750 0.312500
vt 1.000000 0.750000
vt 1.000000 0.812500
vt 0.968750 0.812500
vt 0.968750 0.750000
vt 1.000000 0.250000
vt 0.968750 0.250000
vt 1.000000 0.687500
vt 0.968750 0.687500
vt 1.000000 0.187500
vt 0.968750 0.187500
vt 1.000000 0.625000
vt 0.968750 0.625000
vt 1.000000 0.125000
vt 0.968750 0.125000
vt 1.000000 0.562500
vt 0.968750 0.562500
vt 1.000000 0.062500
vt 0.968750 0.062500
vt 1.000000 0.500000
vt 0.968750 0.500000
vt 1.000000 0.937500
vt 0.984375 1.000000
vt 0.968750 0.937500
vt 0.984375 0.000000
vt 1.000000 0.437500
vt 0.968750 0.437500
vt 1.000000 0.875000
vt 0.968750 0.875000
vt 0.937500 0.125000
vt 0.937500 0.062500
vt 0.937500 0.562500
vt 0.937500 0.500000
vt 0.953125 1.000000
vt 0.937500 0.937500
vt 0.953125 0.000000
vt 0.937500 0.437500
vt 0.937500 0.875000
vt 0.937500 0.375000
vt 0.937500 0.812500
vt 0.937500 0.312500
vt 0.937500 0.750000
vt 0.937500 0.250000
vt 0.937500 0.687500
vt 0.937500 0.187500
vt 0.937500 0.625000
vt 0.906250 0.812500
vt 0.906250 0.750000
vt 0.906250 0.312500
vt 0.906250 0.250000
vt 0.906250 0.687500
vt 0.906250 0.187500
vt 0.906250 0.625000
vt 0.906250 0.125000
vt 0.906250 0.562500
vt 0.906250 0.062500
vt 0.906250 0.500000
vt 0.921875 1.000000
vt 0.906250 0.937500
vt 0.921875 0.000000
vt 0.906250 0.437500
vt 0.906250 0.875000
vt 0.906250 0.375000
vt 0.875000 0.562500
vt 0.875000 0.500000
vt 0.890625 1.000000
vt 0.875000 0.937500
vt 0.890625 0.000000
vt 0.875000 0.062500
vt 0.875000 0.437500
vt 0.875000 0.875000
vt 0.875000 0.375000
vt 0.875000 0.812500
vt 0.875000 0.312500
vt 0.875000 0.750000
vt 0.875000 0.250000
vt 0.875000 0.687500
vt 0.875000 0.187500
vt 0.875000 0.625000
vt 0.875000 0.125000
vt 0.843750 0.312500
vt 0.843750 0.250000
vt 0.843750 0.750000
vt 0.843750 0.687500
vt 0.843750 0.187500
vt 0.843750 0.625000
vt 0.843750 0.125000
vt 0.843750 0.562500
vt 0.843750 0.062500
vt 0.843750 0.500000
vt 0.859375 1.000000
vt 0.843750 0.937500
vt 0.859375 0.000000
vt 0.843750 0.437500
vt 0.843750 0.875000
vt 0.843750 0.375000
vt 0.843750 0.812500
vt 0.828125 0.000000
vt 0.812500 0.062500
vt 0.812500 0.500000
vt 0.812500 0.437500
vt 0.812500 0.937500
vt 0.812500 0.875000
vt 0.812500 0.375000
vt 0.812500 0.812500
vt 0.812500 0.312500
vt 0.812500 0.750000
vt 0.812500 0.250000
vt 0.812500 0.687500
vt 0.812500 0.187500
vt 0.812500 0.625000
vt 0.812500 0.125000
vt 0.812500 0.562500
vt 0.828125 1.000000
vt 0.781250 0.250000
vt 0.781250 0.187500
vt 0.781250 0.687500
vt 0.781250 0.625000
vt 0.781250 0.125000
vt 0.781250 0.562500
vt 0.781250 0.062500
vt 0.781250 0.500000
vt 0.796875 1.000000
vt 0.781250 0.937500
vt 0.796875 0.000000
vt 0.781250 0.437500
vt 0.781250 0.875000
vt 0.781250 0.375000
vt 0.781250 0.812500
vt 0.781250 0.312500
vt 0.781250 0.750000
vt 0.765625 1.000000
vt 0.765625 0.000000
vn 1.0000 0.0000 0.0000
vn 0.0000 0.0000 1.0000
vn 0.0000 -1.0000 0.0000
vn 0.0000 1.0000 0.0000
vn -1.0000 0.0000 0.0000
vn 0.0000 0.0000 -1.0000
vn 0.0975 -0.0975 -0.9904
vn 0.0286 0.9565 -0.2902
vn 0.0938 -0.2890 -0.9527
vn 0.0464 0.8810 -0.4709
vn 0.0865 -0.4696 -0.8786
vn 0.0624 0.7715 -0.6332
vn 0.0759 -0.6326 -0.7708
vn 0.0759 0.6326 -0.7708
vn 0.0624 -0.7715 -0.6332
vn 0.0865 0.4696 -0.8786
vn 0.0464 -0.8810 -0.4709
vn 0.0938 0.2890 -0.9527
vn 0.0286 -0.9565 -0.2902
vn 0.0975 0.0975 -0.9904
vn 0.0097 0.9951 -0.0980
vn 0.0097 -0.9951 -0.0980
vn 0.0846 -0.9565 -0.2790
vn 0.2889 0.0975 -0.9524
vn 0.0286 0.9951 -0.0942
vn 0.0286 -0.9951 -0.0942
vn 0.2889 -0.0975 -0.9524
vn 0.0846 0.9565 -0.2790
vn 0.2779 -0.2890 -0.9161
vn 0.1374 0.8810 -0.4528
vn 0.2563 -0.4696 -0.8448
vn 0.1847 0.7715 -0.6088
vn 0.2248 -0.6326 -0.7412
vn 0.2248 0.6326 -0.7412
vn 0.1847 -0.7715 -0.6088
vn 0.2563 0.4696 -0.8448
vn 0.1374 -0.8810 -0.4528
vn 0.2779 0.2890 -0.9161
vn 0.3651 -0.6326 -0.6831
vn 0.3651 0.6326 -0.6831
vn 0.2999 -0.7715 -0.5611
vn 0.4162 0.4696 -0.7786
vn 0.2230 -0.8810 -0.4173
vn 0.4513 0.2890 -0.8443
vn 0.1374 -0.9565 -0.2571
vn 0.4691 0.0975 -0.8777
vn 0.0464 0.9951 -0.0869
vn 0.0464 -0.9951 -0.0869
vn 0.4691 -0.0975 -0.8777
vn 0.1374 0.9565 -0.2571
vn 0.4513 -0.2890 -0.8443
vn 0.2230 0.8810 -0.4173
vn 0.4162 -0.4696 -0.7786
vn 0.2999 0.7715 -0.5611
vn 0.0625 0.9951 -0.0761
vn 0.0625 -0.9951 -0.0761
vn 0.6314 -0.0975 -0.7693
vn 0.1850 0.9565 -0.2254
vn 0.6073 -0.2890 -0.7400
vn 0.3002 0.8810 -0.3658
vn 0.5601 -0.4696 -0.6825
vn 0.4036 0.7715 -0.4918
vn 0.4913 -0.6326 -0.5987
vn 0.4913 0.6326 -0.5987
vn 0.4036 -0.7715 -0.4918
vn 0.5601 0.4696 -0.6825
vn 0.3002 -0.8810 -0.3658
vn 0.6073 0.2890 -0.7400
vn 0.1850 -0.9565 -0.2254
vn 0.6314 0.0975 -0.7693
vn 0.5987 0.6326 -0.4913
vn 0.4918 -0.7715 -0.4036
vn 0.6825 0.4696 -0.5601
vn 0.3658 -0.8810 -0.3002
vn 0.7400 0.2890 -0.6073
vn 0.2254 -0.9565 -0.1850
vn 0.7693 0.0975 -0.6314
vn 0.0761 0.9951 -0.0625
vn 0.0761 -0.9951 -0.0625
vn 0.7693 -0.0975 -0.6314
vn 0.2254 0.9565 -0.1850
vn 0.7400 -0.2890 -0.6073
vn 0.3658 0.8810 -0.3002
vn 0.6825 -0.4696 -0.5601
vn 0.4918 0.7715 -0.4036
vn 0.5987 -0.6326 -0.4913
vn 0.8777 -0.0975 -0.4691
vn 0.2571 0.9565 -0.1374
vn 0.8443 -0.2890 -0.4513
vn 0.4173 0.8810 -0.2230
vn 0.7786 -0.4696 -0.4162
vn 0.5611 0.7715 -0.2999
vn 0.6831 -0.6326 -0.3651
vn 0.6831 0.6326 -0.3651
vn 0.5611 -0.7715 -0.2999
vn 0.7786 0.4696 -0.4162
vn 0.4173 -0.8810 -0.2230
vn 0.8443 0.2890 -0.4513
vn 0.2571 -0.9565 -0.1374
vn 0.8777 0.0975 -0.4691
vn 0.0869 0.9951 -0.0464
vn 0.0869 -0.9951 -0.0464
vn 0.6088 -0.7715 -0.1847
vn 0.8448 0.4696 -0.2563
vn 0.4528 -0.8810 -0.1374
vn 0.9161 0.2890 -0.2779
vn 0.2790 -0.9565 -0.0846
vn 0.9524 0.0975 -0.2889
vn 0.0942 0.9951 -0.0286
vn 0.0942 -0.9951 -0.0286
vn 0.9524 -0.0975 -0.2889
vn 0.2790 0.9565 -0.0846
vn 0.9161 -0.2890 -0.2779
vn 0.4528 0.8810 -0.1374
vn 0.8448 -0.4696 -0.2563
vn 0.6088 0.7715 -0.1847
vn 0.7412 -0.6326 -0.2248
vn 0.7412 0.6326 -0.2248
vn 0.2902 0.9565 -0.0286
vn 0.9527 -0.2890 -0.0938
vn 0.4709 0.8810 -0.0464
vn 0.8786 -0.4696 -0.0865
vn 0.6332 0.7715 -0.0624
vn 0.7708 -0.6326 -0.0759
vn 0.7708 0.6326 -0.0759
vn 0.6332 -0.7715 -0.0624
vn 0.8786 0.4696 -0.0865
vn 0.4709 -0.8810 -0.0464
vn 0.9527 0.2890 -0.0938
vn 0.2902 -0.9565 -0.0286
vn 0.9904 0.0975 -0.0975
vn 0.0980 0.9951 -0.0097
vn 0.0980 -0.9951 -0.0097
vn 0.9904 -0.0975 -0.0975
vn 0.8786 0.4696 0.0865
vn 0.4709 -0.8810 0.0464
vn 0.9527 0.2890 0.0938
vn 0.2902 -0.9565 0.0286
vn 0.9904 0.0975 0.0976
vn 0.0980 0.9951 0.0097
vn 0.0980 -0.9951 0.0097
vn 0.9904 -0.0975 0.0976
vn 0.2902 0.9565 0.0286
vn 0.9527 -0.2890 0.0938
vn 0.4709 0.8810 0.0464
vn 0.8786 -0.4696 0.0865
vn 0.6332 0.7715 0.0624
vn 0.7708 -0.6326 0.0759
vn 0.7708 0.6326 0.0759
vn 0.6332 -0.7715 0.0624
vn 0.9161 -0.2890 0.2779
vn 0.4528 0.8810 0.1374
vn 0.8448 -0.4696 0.2563
vn 0.6088 0.7715 0.1847
vn 0.7412 -0.6326 0.2248
vn 0.7412 0.6326 0.2248
vn 0.6088 -0.7715 0.1847
vn 0.8448 0.4696 0.2563
vn 0.4528 -0.8810 0.1374
vn 0.9161 0.2890 0.2779
vn 0.2790 -0.9565 0.0846
vn 0.9524 0.0975 0.2889
vn 0.0942 0.9951 0.0286
vn 0.0942 -0.9951 0.0286
vn 0.9524 -0.0975 0.2889
vn 0.2790 0.9565 0.0846
vn 0.4173 -0.8810 0.2230
vn 0.8443 0.2890 0.4513
vn 0.2571 -0.9565 0.1374
vn 0.8777 0.0975 0.4691
vn 0.0869 0.9951 0.0464
vn 0.0869 -0.9951 0.0464
vn 0.8777 -0.0975 0.4691
vn 0.2571 0.9565 0.1374
vn 0.8443 -0.2890 0.4513
vn 0.4173 0.8810 0.2230
vn 0.7786 -0.4696 0.4162
vn 0.5611 0.7715 0.2999
vn 0.6831 -0.6326 0.3651
vn 0.6831 0.6326 0.3651
vn 0.5611 -0.7715 0.2999
vn 0.7786 0.4696 0.4162
vn 0.6825 -0.4696 0.5601
vn 0.4918 0.7715 0.4036
vn 0.5987 -0.6326 0.4913
vn 0.5987 0.6326 0.4913
vn 0.4918 -0.7715 0.4036
vn 0.6825 0.4696 0.5601
vn 0.3658 -0.8810 0.3002
vn 0.7400 0.2890 0.6073
vn 0.2254 -0.9565 0.1850
vn 0.7693 0.0975 0.6314
vn 0.0761 0.9951 0.0625
vn 0.0761 -0.9951 0.0625
vn 0.7693 -0.0975 0.6314
vn 0.2254 0.9565 0.1850
vn 0.7400 -0.2890 0.6073
vn 0.3658 0.8810 0.3002
vn 0.1850 -0.9565 0.2254
vn 0.6314 0.0975 0.7693
vn 0.0625 0.9951 0.0761
vn 0.0625 -0.9951 0.0761
vn 0.6314 -0.0975 0.7693
vn 0.1850 0.9565 0.2254
vn 0.6073 -0.2890 0.7400
vn 0.3002 0.8810 0.3658
vn 0.5601 -0.4696 0.6825
vn 0.4036 0.7715 0.4918
vn 0.4913 -0.6326 0.5987
vn 0.4913 0.6326 0.5987
vn 0.4036 -0.7715 0.4918
vn 0.5601 0.4696 0.6825
vn 0.3002 -0.8810 0.3658
vn 0.6073 0.2890 0.7400
vn 0.2999 0.7715 0.5611
vn 0.3651 -0.6326 0.6831
vn 0.3651 0.6326 0.6831
vn 0.2999 -0.7715 0.5611
vn 0.4162 0.4696 0.7786
vn 0.2230 -0.8810 0.4173
vn 0.4513 0.2890 0.8443
vn 0.1374 -0.9565 0.2571
vn 0.4691 0.0975 0.8777
vn 0.0464 0.9951 0.0869
vn 0.0464 -0.9951 0.0869
vn 0.4691 -0.0975 0.8777
vn 0.1374 0.9565 0.2571
vn 0.4513 -0.2890 0.8443
vn 0.2230 0.8810 0.4173
vn 0.4162 -0.4696 0.7786
vn 0.2889 0.0975 0.9524
vn 0.0286 0.9951 0.0942
vn 0.0286 -0.9951 0.0942
vn 0.2889 -0.0975 0.9524
vn 0.0846 0.9565 0.2790
vn 0.2779 -0.2890 0.9161
vn 0.1374 0.8810 0.4528
vn 0.2563 -0.4696 0.8448
vn 0.1847 0.7715 0.6088
vn 0.2248 -0.6326 0.7412
vn 0.2248 0.6326 0.7412
vn 0.1847 -0.7715 0.6088
vn 0.2563 0.4696 0.8448
vn 0.1374 -0.8810 0.4528
vn 0.2779 0.2890 0.9161
vn 0.0846 -0.9565 0.2790
vn 0.0759 -0.6326 0.7708
vn 0.0759 0.6326 0.7708
vn 0.0624 -0.7715 0.6332
vn 0.0865 0.4696 0.8786
vn 0.0464 -0.8810 0.4709
vn 0.0938 0.2890 0.9527
vn 0.0286 -0.9565 0.2902
vn 0.0975 0.0975 0.9904
vn 0.0097 0.9951 0.0980
vn 0.0097 -0.9951 0.0980
vn 0.0975 -0.0975 0.9904
vn 0.0286 0.9565 0.2902
vn 0.0938 -0.2890 0.9527
vn 0.0464 0.8810 0.4709
vn 0.0865 -0.4696 0.8786
vn 0.0624 0.7715 0.6332
vn -0.0097 0.9951 0.0980
vn -0.0097 -0.9951 0.0980
vn -0.0975 -0.0975 0.9904
vn -0.0286 0.9565 0.2902
vn -0.0938 -0.2890 0.9527
vn -0.0464 0.8810 0.4709
vn -0.0865 -0.4696 0.8786
vn -0.0624 0.7715 0.6332
vn -0.0759 -0.6326 0.7708
vn -0.0759 0.6326 0.7708
vn -0.0624 -0.7715 0.6332
vn -0.0865 0.4696 0.8786
vn -0.0464 -0.8810 0.4709
vn -0.0938 0.2890 0.9527
vn -0.0286 -0.9565 0.2902
vn -0.0975 0.0975 0.9904
vn -0.2248 0.6326 0.7412
vn -0.1847 -0.7715 0.6088
vn -0.2563 0.4696 0.8448
vn -0.1374 -0.8810 0.4528
vn -0.2779 0.2890 0.9161
vn -0.0846 -0.9565 0.2790
vn -0.2889 0.0975 0.9524
vn -0.0286 0.9951 0.0942
vn -0.0286 -0.9951 0.0942
vn -0.2889 -0.0975 0.9524
vn -0.0846 0.9565 0.2790
vn -0.2779 -0.2890 0.9161
vn -0.1374 0.8810 0.4528
vn -0.2563 -0.4696 0.8448
vn -0.1847 0.7715 0.6088
vn -0.2248 -0.6326 0.7412
vn -0.4691 -0.0975 0.8777
vn -0.1374 0.9565 0.2571
vn -0.4513 -0.2890 0.8443
vn -0.2231 0.8810 0.4173
vn -0.4162 -0.4696 0.7786
vn -0.2999 0.7715 0.5611
vn -0.3651 -0.6326 0.6831
vn -0.3651 0.6326 0.6831
vn -0.2999 -0.7715 0.5611
vn -0.4162 0.4696 0.7786
vn -0.2231 -0.8810 0.4173
vn -0.4513 0.2890 0.8443
vn -0.1374 -0.9565 0.2571
vn -0.4691 0.0975 0.8777
vn -0.0464 0.9951 0.0869
vn -0.0464 -0.9951 0.0869
vn -0.4036 -0.7715 0.4918
vn -0.5601 0.4696 0.6825
vn -0.3002 -0.8810 0.3658
vn -0.6073 0.2890 0.7400
vn -0.1850 -0.9565 0.2254
vn -0.6314 0.0975 0.7693
vn -0.0625 0.9951 0.0761
vn -0.0625 -0.9951 0.0761
vn -0.6314 -0.0975 0.7693
vn -0.1850 0.9565 0.2254
vn -0.6073 -0.2890 0.7400
vn -0.3002 0.8810 0.3658
vn -0.5601 -0.4696 0.6825
vn -0.4036 0.7715 0.4918
vn -0.4913 -0.6326 0.5987
vn -0.4913 0.6326 0.5987
vn -0.7400 -0.2890 0.6073
vn -0.3658 0.8810 0.3002
vn -0.6825 -0.4696 0.5601
vn -0.4918 0.7715 0.4036
vn -0.5987 -0.6326 0.4913
vn -0.5987 0.6326 0.4913
vn -0.4918 -0.7715 0.4036
vn -0.6825 0.4696 0.5601
vn -0.3658 -0.8810 0.3002
vn -0.7400 0.2890 0.6073
vn -0.2254 -0.9565 0.1850
vn -0.7693 0.0975 0.6314
vn -0.0761 0.9951 0.0625
vn -0.0761 -0.9951 0.0625
vn -0.7693 -0.0975 0.6314
vn -0.2254 0.9565 0.1850
vn -0.4173 -0.8810 0.2230
vn -0.8443 0.2890 0.4513
vn -0.2571 -0.9565 0.1374
vn -0.8777 0.0975 0.4691
vn -0.0869 0.9951 0.0464
vn -0.0869 -0.9951 0.0464
vn -0.8777 -0.0975 0.4691
vn -0.2571 0.9565 0.1374
vn -0.8443 -0.2890 0.4513
vn -0.4173 0.8810 0.2230
vn -0.7786 -0.4696 0.4162
vn -0.5611 0.7715 0.2999
vn -0.6831 -0.6326 0.3651
vn -0.6831 0.6326 0.3651
vn -0.5611 -0.7715 0.2999
vn -0.7786 0.4696 0.4162
vn -0.4528 0.8810 0.1374
vn -0.8448 -0.4696 0.2563
vn -0.6088 0.7715 0.1847
vn -0.7412 -0.6326 0.2248
vn -0.7412 0.6326 0.2248
vn -0.6088 -0.7715 0.1847
vn -0.8448 0.4696 0.2563
vn -0.4528 -0.8810 0.1374
vn -0.9161 0.2890 0.2779
vn -0.2790 -0.9565 0.0846
vn -0.9524 0.0975 0.2889
vn -0.0942 0.9951 0.0286
vn -0.0942 -0.9951 0.0286
vn -0.9524 -0.0975 0.2889
vn -0.2790 0.9565 0.0846
vn -0.9161 -0.2890 0.2779
vn -0.9527 0.2890 0.0938
vn -0.2902 -0.9565 0.0286
vn -0.9904 0.0975 0.0975
vn -0.0980 0.9951 0.0097
vn -0.0980 -0.9951 0.0097
vn -0.9904 -0.0975 0.0975
vn -0.2902 0.9565 0.0286
vn -0.9527 -0.2890 0.0938
vn -0.4709 0.8810 0.0464
vn -0.8786 -0.4696 0.0865
vn -0.6332 0.7715 0.0624
vn -0.7708 -0.6326 0.0759
vn -0.7708 0.6326 0.0759
vn -0.6332 -0.7715 0.0624
vn -0.8786 0.4696 0.0865
vn -0.4709 -0.8810 0.0464
vn -0.8786 -0.4696 -0.0865
vn -0.6332 0.7715 -0.0624
vn -0.7708 -0.6326 -0.0759
vn -0.7708 0.6326 -0.0759
vn -0.6332 -0.7715 -0.0624
vn -0.8786 0.4696 -0.0865
vn -0.4709 -0.8810 -0.0464
vn -0.9527 0.2890 -0.0938
vn -0.2902 -0.9565 -0.0286
vn -0.9904 0.0975 -0.0976
vn -0.0980 0.9951 -0.0097
vn -0.0980 -0.9951 -0.0097
vn -0.9904 -0.0975 -0.0976
vn -0.2902 0.9565 -0.0286
vn -0.9527 -0.2890 -0.0938
vn -0.4709 0.8810 -0.0464
vn -0.2790 -0.9565 -0.0846
vn -0.9524 0.0975 -0.2889
vn -0.0942 0.9951 -0.0286
vn -0.0942 -0.9951 -0.0286
vn -0.9524 -0.0975 -0.2889
vn -0.2790 0.9565 -0.0846
vn -0.9161 -0.2890 -0.2779
vn -0.4528 0.8810 -0.1374
vn -0.8448 -0.4696 -0.2563
vn -0.6088 0.7715 -0.1847
vn -0.7412 -0.6326 -0.2248
vn -0.7412 0.6326 -0.2248
vn -0.6088 -0.7715 -0.1847
vn -0.8448 0.4696 -0.2563
vn -0.4528 -0.8810 -0.1374
vn -0.9161 0.2890 -0.2779
vn -0.5611 0.7715 -0.2999
vn -0.6831 -0.6326 -0.3651
vn -0.6831 0.6326 -0.3651
vn -0.5611 -0.7715 -0.2999
vn -0.7786 0.4696 -0.4162
vn -0.4173 -0.8810 -0.2231
vn -0.8443 0.2890 -0.4513
vn -0.2571 -0.9565 -0.1374
vn -0.8777 0.0975 -0.4691
vn -0.0869 0.9951 -0.0464
vn -0.0869 -0.9951 -0.0464
vn -0.8777 -0.0975 -0.4691
vn -0.2571 0.9565 -0.1374
vn -0.8443 -0.2890 -0.4513
vn -0.4173 0.8810 -0.2230
vn -0.7786 -0.4696 -0.4162
vn -0.7693 0.0975 -0.6314
vn -0.0761 0.9951 -0.0625
vn -0.0761 -0.9951 -0.0625
vn -0.7693 -0.0975 -0.6314
vn -0.2254 0.9565 -0.1850
vn -0.7400 -0.2890 -0.6073
vn -0.3658 0.8810 -0.3002
vn -0.6825 -0.4696 -0.5601
vn -0.4918 0.7715 -0.4036
vn -0.5987 -0.6326 -0.4913
vn -0.5987 0.6326 -0.4913
vn -0.4918 -0.7715 -0.4036
vn -0.6825 0.4696 -0.5601
vn -0.3658 -0.8810 -0.3002
vn -0.7400 0.2890 -0.6073
vn -0.2254 -0.9565 -0.1850
vn -0.4913 -0.6326 -0.5987
vn -0.4913 0.6326 -0.5987
vn -0.4036 -0.7715 -0.4918
vn -0.5601 0.4696 -0.6825
vn -0.3002 -0.8810 -0.3658
vn -0.6073 0.2890 -0.7400
vn -0.1850 -0.9565 -0.2254
vn -0.6314 0.0975 -0.7693
vn -0.0625 0.9951 -0.0761
vn -0.0625 -0.9951 -0.0761
vn -0.6314 -0.0975 -0.7693
vn -0.1850 0.9565 -0.2254
vn -0.6073 -0.2890 -0.7400
vn -0.3002 0.8810 -0.3658
vn -0.5601 -0.4696 -0.6825
vn -0.4036 0.7715 -0.4918
vn -0.0464 -0.9951 -0.0869
vn -0.4691 -0.0975 -0.8777
vn -0.1374 0.9565 -0.2571
vn -0.4513 -0.2890 -0.8443
vn -0.2230 0.8810 -0.4173
vn -0.4162 -0.4696 -0.7786
vn -0.2999 0.7715 -0.5611
vn -0.3651 -0.6326 -0.6831
vn -0.3651 0.6326 -0.6831
vn -0.2999 -0.7715 -0.5611
vn -0.4162 0.4696 -0.7786
vn -0.2230 -0.8810 -0.4173
vn -0.4513 0.2890 -0.8443
vn -0.1374 -0.9565 -0.2571
vn -0.4691 0.0975 -0.8777
vn -0.0464 0.9951 -0.0869
vn -0.1847 -0.7715 -0.6088
vn -0.2563 0.4696 -0.8448
vn -0.1374 -0.8810 -0.4528
vn -0.2779 0.2890 -0.9161
vn -0.0846 -0.9565 -0.2790
vn -0.2889 0.0975 -0.9524
vn -0.0286 0.9951 -0.0942
vn -0.0286 -0.9951 -0.0942
vn -0.2889 -0.0975 -0.9524
vn -0.0846 0.9565 -0.2790
vn -0.2779 -0.2890 -0.9161
vn -0.1374 0.8810 -0.4528
vn -0.2563 -0.4696 -0.8448
vn -0.1847 0.7715 -0.6088
vn -0.2248 -0.6326 -0.7412
vn -0.2248 0.6326 -0.7412
vn -0.0286 0.9565 -0.2902
vn -0.0938 -0.2890 -0.9527
vn -0.0464 0.8810 -0.4709
vn -0.0865 -0.4696 -0.8786
vn -0.0624 0.7715 -0.6332
vn -0.0759 -0.6326 -0.7708
vn -0.0759 0.6326 -0.7708
vn -0.0624 -0.7715 -0.6332
vn -0.0865 0.4696 -0.8786
vn -0.0464 -0.8810 -0.4709
vn -0.0938 0.2890 -0.9527
vn -0.0286 -0.9565 -0.2902
vn -0.0976 0.0975 -0.9904
vn -0.0097 0.9951 -0.0980
vn -0.0097 -0.9951 -0.0980
vn -0.0976 -0.0975 -0.9904
usemtl None
s off
f 299/384/287 300/385/287 296/386/287 295/387/287
f 295/387/288 296/386/288 294/388/288 293/389/288
f 297/390/289 299/384/289 295/387/289 293/391/289
f 300/385/290 298/392/290 294/393/290 296/386/290
f 293/394/291 294/395/291 298/396/291 297/397/291
f 298/396/292 300/385/292 299/384/292 297/397/292
f 305/398/293 304/399/293 314/400/293 315/401/293
f 775/402/294 774/403/294 307/404/294 308/405/294
f 778/406/295 305/398/295 315/401/295 316/407/295
f 301/408/296 775/402/296 308/405/296 309/409/296
f 306/410/297 778/406/297 316/407/297 317/411/297
f 776/412/298 301/408/298 309/409/298 310/413/298
f 779/414/299 306/410/299 317/411/299 318/415/299
f 302/416/300 776/412/300 310/413/300 311/417/300
f 780/418/301 779/414/301 318/415/301 319/419/301
f 777/420/302 302/416/302 311/417/302 312/421/302
f 781/422/303 780/418/303 319/419/303 320/423/303
f 303/424/304 777/420/304 312/421/304 313/425/304
f 782/426/305 781/422/305 320/423/305 321/427/305
f 304/399/306 303/424/306 313/425/306 314/400/306
f 774/403/307 382/428/307 307/404/307
f 608/429/308 782/426/308 321/427/308
f 321/427/309 320/423/309 335/430/309 336/431/309
f 314/400/310 313/425/310 328/432/310 329/433/310
f 307/404/311 382/434/311 322/435/311
f 608/436/312 321/427/312 336/431/312
f 315/401/313 314/400/313 329/433/313 330/437/313
f 308/405/314 307/404/314 322/435/314 323/438/314
f 316/407/315 315/401/315 330/437/315 331/439/315
f 309/409/316 308/405/316 323/438/316 324/440/316
f 317/411/317 316/407/317 331/439/317 332/441/317
f 310/413/318 309/409/318 324/440/318 325/442/318
f 318/415/319 317/411/319 332/441/319 333/443/319
f 311/417/320 310/413/320 325/442/320 326/444/320
f 319/419/321 318/415/321 333/443/321 334/445/321
f 312/421/322 311/417/322 326/444/322 327/446/322
f 320/423/323 319/419/323 334/445/323 335/430/323
f 313/425/324 312/421/324 327/446/324 328/432/324
f 333/443/325 332/441/325 347/447/325 348/448/325
f 326/444/326 325/442/326 340/449/326 341/450/326
f 334/445/327 333/443/327 348/448/327 349/451/327
f 327/446/328 326/444/328 341/450/328 342/452/328
f 335/430/329 334/445/329 349/451/329 350/453/329
f 328/432/330 327/446/330 342/452/330 343/454/330
f 336/431/331 335/430/331 350/453/331 351/455/331
f 329/433/332 328/432/332 343/454/332 344/456/332
f 322/435/333 382/457/333 337/458/333
f 608/459/334 336/431/334 351/455/334
f 330/437/335 329/433/335 344/456/335 345/460/335
f 323/438/336 322/435/336 337/458/336 338/461/336
f 331/439/337 330/437/337 345/460/337 346/462/337
f 324/440/338 323/438/338 338/461/338 339/463/338
f 332/441/339 331/439/339 346/462/339 347/447/339
f 325/442/340 324/440/340 339/463/340 340/449/340
f 337/458/341 382/464/341 352/465/341
f 608/466/342 351/455/342 366/467/342
f 345/460/343 344/456/343 359/468/343 360/469/343
f 338/461/344 337/458/344 352/465/344 353/470/344
f 346/462/345 345/460/345 360/469/345 361/471/345
f 339/463/346 338/461/346 353/470/346 354/472/346
f 347/447/347 346/462/347 361/471/347 362/473/347
f 340/449/348 339/463/348 354/472/348 355/474/348
f 348/448/349 347/447/349 362/473/349 363/475/349
f 341/450/350 340/449/350 355/474/350 356/476/350
f 349/451/351 348/448/351 363/475/351 364/477/351
f 342/452/352 341/450/352 356/476/352 357/478/352
f 350/453/353 349/451/353 364/477/353 365/479/353
f 343/454/354 342/452/354 357/478/354 358/480/354
f 351/455/355 350/453/355 365/479/355 366/467/355
f 344/456/356 343/454/356 358/480/356 359/468/356
f 356/476/357 355/474/357 370/481/357 371/482/357
f 364/477/358 363/475/358 378/483/358 379/484/358
f 357/478/359 356/476/359 371/482/359 372/485/359
f 365/479/360 364/477/360 379/484/360 380/486/360
f 358/480/361 357/478/361 372/485/361 373/487/361
f 366/467/362 365/479/362 380/486/362 381/488/362
f 359/468/363 358/480/363 373/487/363 374/489/363
f 352/465/364 382/490/364 367/491/364
f 608/492/365 366/467/365 381/488/365
f 360/469/366 359/468/366 374/489/366 375/493/366
f 353/470/367 352/465/367 367/491/367 368/494/367
f 361/471/368 360/469/368 375/493/368 376/495/368
f 354/472/369 353/470/369 368/494/369 369/496/369
f 362/473/370 361/471/370 376/495/370 377/497/370
f 355/474/371 354/472/371 369/496/371 370/481/371
f 363/475/372 362/473/372 377/497/372 378/483/372
f 375/493/373 374/489/373 390/498/373 391/499/373
f 368/494/374 367/491/374 383/500/374 384/501/374
f 376/495/375 375/493/375 391/499/375 392/502/375
f 369/496/376 368/494/376 384/501/376 385/503/376
f 377/497/377 376/495/377 392/502/377 393/504/377
f 370/481/378 369/496/378 385/503/378 386/505/378
f 378/483/379 377/497/379 393/504/379 394/506/379
f 371/482/380 370/481/380 386/505/380 387/507/380
f 379/484/381 378/483/381 394/506/381 395/508/381
f 372/485/382 371/482/382 387/507/382 388/509/382
f 380/486/383 379/484/383 395/508/383 396/510/383
f 373/487/384 372/485/384 388/509/384 389/511/384
f 381/488/385 380/486/385 396/510/385 397/512/385
f 374/489/386 373/487/386 389/511/386 390/498/386
f 367/491/387 382/513/387 383/500/387
f 608/514/388 381/488/388 397/512/388
f 395/508/389 394/506/389 409/515/389 410/516/389
f 388/509/390 387/507/390 402/517/390 403/518/390
f 396/510/391 395/508/391 410/516/391 411/519/391
f 389/511/392 388/509/392 403/518/392 404/520/392
f 397/512/393 396/510/393 411/519/393 412/521/393
f 390/498/394 389/511/394 404/520/394 405/522/394
f 383/500/395 382/523/395 398/524/395
f 608/525/396 397/512/396 412/521/396
f 391/499/397 390/498/397 405/522/397 406/526/397
f 384/501/398 383/500/398 398/524/398 399/527/398
f 392/502/399 391/499/399 406/526/399 407/528/399
f 385/503/400 384/501/400 399/527/400 400/529/400
f 393/504/401 392/502/401 407/528/401 408/530/401
f 386/505/402 385/503/402 400/529/402 401/531/402
f 394/506/403 393/504/403 408/530/403 409/515/403
f 387/507/404 386/505/404 401/531/404 402/517/404
f 399/527/405 398/524/405 413/532/405 414/533/405
f 407/528/406 406/526/406 421/534/406 422/535/406
f 400/529/407 399/527/407 414/533/407 415/536/407
f 408/530/408 407/528/408 422/535/408 423/537/408
f 401/531/409 400/529/409 415/536/409 416/538/409
f 409/515/410 408/530/410 423/537/410 424/539/410
f 402/517/411 401/531/411 416/538/411 417/540/411
f 410/516/412 409/515/412 424/539/412 425/541/412
f 403/518/413 402/517/413 417/540/413 418/542/413
f 411/519/414 410/516/414 425/541/414 426/543/414
f 404/520/415 403/518/415 418/542/415 419/544/415
f 412/521/416 411/519/416 426/543/416 427/545/416
f 405/522/417 404/520/417 419/544/417 420/546/417
f 398/524/418 382/547/418 413/532/418
f 608/548/419 412/521/419 427/545/419
f 406/526/420 405/522/420 420/546/420 421/534/420
f 418/542/421 417/540/421 432/549/421 433/550/421
f 426/543/422 425/541/422 440/551/422 441/552/422
f 419/544/423 418/542/423 433/550/423 434/553/423
f 427/545/424 426/543/424 441/552/424 442/554/424
f 420/546/425 419/544/425 434/553/425 435/555/425
f 413/532/426 382/556/426 428/557/426
f 608/558/427 427/545/427 442/554/427
f 421/534/428 420/546/428 435/555/428 436/559/428
f 414/533/429 413/532/429 428/557/429 429/560/429
f 422/535/430 421/534/430 436/559/430 437/561/430
f 415/536/431 414/533/431 429/560/431 430/562/431
f 423/537/432 422/535/432 437/561/432 438/563/432
f 416/538/433 415/536/433 430/562/433 431/564/433
f 424/539/434 423/537/434 438/563/434 439/565/434
f 417/540/435 416/538/435 431/564/435 432/549/435
f 425/541/436 424/539/436 439/565/436 440/551/436
f 437/561/437 436/559/437 451/566/437 452/567/437
f 430/562/438 429/560/438 444/568/438 445/569/438
f 438/563/439 437/561/439 452/567/439 453/570/439
f 431/564/440 430/562/440 445/569/440 446/571/440
f 439/565/441 438/563/441 453/570/441 454/572/441
f 432/549/442 431/564/442 446/571/442 447/573/442
f 440/551/443 439/565/443 454/572/443 455/574/443
f 433/550/444 432/549/444 447/573/444 448/575/444
f 441/552/445 440/551/445 455/574/445 456/576/445
f 434/553/446 433/550/446 448/575/446 449/577/446
f 442/554/447 441/552/447 456/576/447 457/578/447
f 435/555/448 434/553/448 449/577/448 450/579/448
f 428/557/449 382/580/449 443/581/449
f 608/582/450 442/554/450 457/578/450
f 436/559/451 435/555/451 450/579/451 451/566/451
f 429/560/452 428/557/452 443/581/452 444/568/452
f 456/576/453 455/574/453 470/583/453 471/584/453
f 449/577/454 448/575/454 463/585/454 464/586/454
f 457/578/455 456/576/455 471/584/455 472/587/455
f 450/579/456 449/577/456 464/586/456 465/588/456
f 443/581/457 382/589/457 458/590/457
f 608/591/458 457/578/458 472/587/458
f 451/566/459 450/579/459 465/588/459 466/592/459
f 444/568/460 443/581/460 458/590/460 459/593/460
f 452/567/461 451/566/461 466/592/461 467/594/461
f 445/569/462 444/568/462 459/593/462 460/595/462
f 453/570/463 452/567/463 467/594/463 468/596/463
f 446/571/464 445/569/464 460/595/464 461/597/464
f 454/572/465 453/570/465 468/596/465 469/598/465
f 447/573/466 446/571/466 461/597/466 462/599/466
f 455/574/467 454/572/467 469/598/467 470/583/467
f 448/575/468 447/573/468 462/599/468 463/585/468
f 468/596/469 467/594/469 482/600/469 483/601/469
f 461/597/470 460/595/470 475/602/470 476/603/470
f 469/598/471 468/596/471 483/601/471 484/604/471
f 462/599/472 461/597/472 476/603/472 477/605/472
f 470/583/473 469/598/473 484/604/473 485/606/473
f 463/585/474 462/599/474 477/605/474 478/607/474
f 471/584/475 470/583/475 485/606/475 486/608/475
f 464/586/476 463/585/476 478/607/476 479/609/476
f 472/587/477 471/584/477 486/608/477 487/610/477
f 465/588/478 464/586/478 479/609/478 480/611/478
f 458/590/479 382/612/479 473/613/479
f 608/614/480 472/587/480 487/610/480
f 466/592/481 465/588/481 480/611/481 481/615/481
f 459/593/482 458/590/482 473/613/482 474/616/482
f 467/594/483 466/592/483 481/615/483 482/600/483
f 460/595/484 459/593/484 474/616/484 475/602/484
f 487/610/485 486/608/485 501/617/485 502/618/485
f 480/611/486 479/609/486 494/619/486 495/620/486
f 473/613/487 382/621/487 488/622/487
f 608/623/488 487/610/488 502/618/488
f 481/615/489 480/611/489 495/620/489 496/624/489
f 474/616/490 473/613/490 488/622/490 489/625/490
f 482/600/491 481/615/491 496/624/491 497/626/491
f 475/602/492 474/616/492 489/625/492 490/627/492
f 483/601/493 482/600/493 497/626/493 498/628/493
f 476/603/494 475/602/494 490/627/494 491/629/494
f 484/604/495 483/601/495 498/628/495 499/630/495
f 477/605/496 476/603/496 491/629/496 492/631/496
f 485/606/497 484/604/497 499/630/497 500/632/497
f 478/607/498 477/605/498 492/631/498 493/633/498
f 486/608/499 485/606/499 500/632/499 501/617/499
f 479/609/500 478/607/500 493/633/500 494/619/500
f 491/629/501 490/627/501 505/634/501 506/635/501
f 499/630/502 498/628/502 513/636/502 514/637/502
f 492/631/503 491/629/503 506/635/503 507/638/503
f 500/632/504 499/630/504 514/637/504 515/639/504
f 493/633/505 492/631/505 507/638/505 508/640/505
f 501/617/506 500/632/506 515/639/506 516/641/506
f 494/619/507 493/633/507 508/640/507 509/642/507
f 502/618/508 501/617/508 516/641/508 517/643/508
f 495/620/509 494/619/509 509/642/509 510/644/509
f 488/622/510 382/645/510 503/646/510
f 608/647/511 502/618/511 517/643/511
f 496/624/512 495/620/512 510/644/512 511/648/512
f 489/625/513 488/622/513 503/646/513 504/649/513
f 497/626/514 496/624/514 511/648/514 512/650/514
f 490/627/515 489/625/515 504/649/515 505/634/515
f 498/628/516 497/626/516 512/650/516 513/636/516
f 510/644/517 509/642/517 524/651/517 525/652/517
f 503/646/518 382/653/518 518/654/518
f 608/655/519 517/643/519 532/656/519
f 511/648/520 510/644/520 525/652/520 526/657/520
f 504/649/521 503/646/521 518/654/521 519/658/521
f 512/650/522 511/648/522 526/657/522 527/659/522
f 505/634/523 504/649/523 519/658/523 520/660/523
f 513/636/524 512/650/524 527/659/524 528/661/524
f 506/635/525 505/634/525 520/660/525 521/662/525
f 514/637/526 513/636/526 528/661/526 529/663/526
f 507/638/527 506/635/527 521/662/527 522/664/527
f 515/639/528 514/637/528 529/663/528 530/665/528
f 508/640/529 507/638/529 522/664/529 523/666/529
f 516/641/530 515/639/530 530/665/530 531/667/530
f 509/642/531 508/640/531 523/666/531 524/651/531
f 517/643/532 516/641/532 531/667/532 532/656/532
f 529/663/533 528/661/533 543/668/533 544/669/533
f 522/664/534 521/662/534 536/670/534 537/671/534
f 530/665/535 529/663/535 544/669/535 545/672/535
f 523/666/536 522/664/536 537/671/536 538/673/536
f 531/667/537 530/665/537 545/672/537 546/674/537
f 524/651/538 523/666/538 538/673/538 539/675/538
f 532/656/539 531/667/539 546/674/539 547/676/539
f 525/652/540 524/651/540 539/675/540 540/677/540
f 518/654/541 382/678/541 533/679/541
f 608/680/542 532/656/542 547/676/542
f 526/657/543 525/652/543 540/677/543 541/681/543
f 519/658/544 518/654/544 533/679/544 534/682/544
f 527/659/545 526/657/545 541/681/545 542/683/545
f 520/660/546 519/658/546 534/682/546 535/684/546
f 528/661/547 527/659/547 542/683/547 543/668/547
f 521/662/548 520/660/548 535/684/548 536/670/548
f 533/679/549 382/685/549 548/686/549
f 608/687/550 547/676/550 562/688/550
f 541/681/551 540/677/551 555/689/551 556/690/551
f 534/682/552 533/679/552 548/686/552 549/691/552
f 542/683/553 541/681/553 556/690/553 557/692/553
f 535/684/554 534/682/554 549/691/554 550/693/554
f 543/668/555 542/683/555 557/692/555 558/694/555
f 536/670/556 535/684/556 550/693/556 551/695/556
f 544/669/557 543/668/557 558/694/557 559/696/557
f 537/671/558 536/670/558 551/695/558 552/697/558
f 545/672/559 544/669/559 559/696/559 560/698/559
f 538/673/560 537/671/560 552/697/560 553/699/560
f 546/674/561 545/672/561 560/698/561 561/700/561
f 539/675/562 538/673/562 553/699/562 554/701/562
f 547/676/563 546/674/563 561/700/563 562/688/563
f 540/677/564 539/675/564 554/701/564 555/689/564
f 552/697/565 551/695/565 566/702/565 567/703/565
f 560/698/566 559/696/566 574/704/566 575/705/566
f 553/699/567 552/697/567 567/703/567 568/706/567
f 561/700/568 560/698/568 575/705/568 576/707/568
f 554/701/569 553/699/569 568/706/569 569/708/569
f 562/688/570 561/700/570 576/707/570 577/709/570
f 555/689/571 554/701/571 569/708/571 570/710/571
f 548/686/572 382/711/572 563/712/572
f 608/713/573 562/688/573 577/709/573
f 556/690/574 555/689/574 570/710/574 571/714/574
f 549/691/575 548/686/575 563/712/575 564/715/575
f 557/692/576 556/690/576 571/714/576 572/716/576
f 550/693/577 549/691/577 564/715/577 565/717/577
f 558/694/578 557/692/578 572/716/578 573/718/578
f 551/695/579 550/693/579 565/717/579 566/702/579
f 559/696/580 558/694/580 573/718/580 574/704/580
f 571/714/581 570/710/581 585/719/581 586/720/581
f 564/715/582 563/712/582 578/721/582 579/722/582
f 572/716/583 571/714/583 586/720/583 587/723/583
f 565/717/584 564/715/584 579/722/584 580/724/584
f 573/718/585 572/716/585 587/723/585 588/725/585
f 566/702/586 565/717/586 580/724/586 581/726/586
f 574/704/587 573/718/587 588/725/587 589/727/587
f 567/703/588 566/702/588 581/726/588 582/728/588
f 575/705/589 574/704/589 589/727/589 590/729/589
f 568/706/590 567/703/590 582/728/590 583/730/590
f 576/707/591 575/705/591 590/729/591 591/731/591
f 569/708/592 568/706/592 583/730/592 584/732/592
f 577/709/593 576/707/593 591/731/593 592/733/593
f 570/710/594 569/708/594 584/732/594 585/719/594
f 563/712/595 382/734/595 578/721/595
f 608/735/596 577/709/596 592/733/596
f 590/729/597 589/727/597 604/736/597 605/737/597
f 583/730/598 582/728/598 597/738/598 598/739/598
f 591/731/599 590/729/599 605/737/599 606/740/599
f 584/732/600 583/730/600 598/739/600 599/741/600
f 592/733/601 591/731/601 606/740/601 607/742/601
f 585/719/602 584/732/602 599/741/602 600/743/602
f 578/721/603 382/744/603 593/745/603
f 608/746/604 592/733/604 607/742/604
f 586/720/605 585/719/605 600/743/605 601/747/605
f 579/722/606 578/721/606 593/745/606 594/748/606
f 587/723/607 586/720/607 601/747/607 602/749/607
f 580/724/608 579/722/608 594/748/608 595/750/608
f 588/725/609 587/723/609 602/749/609 603/751/609
f 581/726/610 580/724/610 595/750/610 596/752/610
f 589/727/611 588/725/611 603/751/611 604/736/611
f 582/728/612 581/726/612 596/752/612 597/738/612
f 602/749/613 601/747/613 617/753/613 618/754/613
f 595/750/614 594/748/614 610/755/614 611/756/614
f 603/751/615 602/749/615 618/754/615 619/757/615
f 596/752/616 595/750/616 611/756/616 612/758/616
f 604/736/617 603/751/617 619/757/617 620/759/617
f 597/738/618 596/752/618 612/758/618 613/760/618
f 605/737/619 604/736/619 620/759/619 621/761/619
f 598/739/620 597/738/620 613/760/620 614/762/620
f 606/740/621 605/737/621 621/761/621 622/763/621
f 599/741/622 598/739/622 614/762/622 615/764/622
f 607/742/623 606/740/623 622/763/623 623/765/623
f 600/743/624 599/741/624 615/764/624 616/766/624
f 593/745/625 382/767/625 609/768/625
f 608/769/626 607/742/626 623/765/626
f 601/747/627 600/743/627 616/766/627 617/753/627
f 594/748/628 593/745/628 609/768/628 610/755/628
f 622/763/629 621/761/629 636/770/629 637/771/629
f 615/764/630 614/762/630 629/772/630 630/773/630
f 623/765/631 622/763/631 637/771/631 638/774/631
f 616/766/632 615/764/632 630/773/632 631/775/632
f 609/768/633 382/776/633 624/777/633
f 608/778/634 623/765/634 638/774/634
f 617/753/635 616/766/635 631/775/635 632/779/635
f 610/755/636 609/768/636 624/777/636 625/780/636
f 618/754/637 617/753/637 632/779/637 633/781/637
f 611/756/638 610/755/638 625/780/638 626/782/638
f 619/757/639 618/754/639 633/781/639 634/783/639
f 612/758/640 611/756/640 626/782/640 627/784/640
f 620/759/641 619/757/641 634/783/641 635/785/641
f 613/760/642 612/758/642 627/784/642 628/786/642
f 621/761/643 620/759/643 635/785/643 636/770/643
f 614/762/644 613/760/644 628/786/644 629/772/644
f 626/782/645 625/780/645 640/787/645 641/788/645
f 634/783/646 633/781/646 648/789/646 649/790/646
f 627/784/647 626/782/647 641/788/647 642/791/647
f 635/785/648 634/783/648 649/790/648 650/792/648
f 628/786/649 627/784/649 642/791/649 643/793/649
f 636/770/650 635/785/650 650/792/650 651/794/650
f 629/772/651 628/786/651 643/793/651 644/795/651
f 637/771/652 636/770/652 651/794/652 652/796/652
f 630/773/653 629/772/653 644/795/653 645/797/653
f 638/774/654 637/771/654 652/796/654 653/798/654
f 631/775/655 630/773/655 645/797/655 646/799/655
f 624/777/656 382/800/656 639/801/656
f 608/802/657 638/774/657 653/798/657
f 632/779/658 631/775/658 646/799/658 647/803/658
f 625/780/659 624/777/659 639/801/659 640/787/659
f 633/781/660 632/779/660 647/803/660 648/789/660
f 645/797/661 644/795/661 659/804/661 660/805/661
f 653/798/662 652/796/662 667/806/662 668/807/662
f 646/799/663 645/797/663 660/805/663 661/808/663
f 639/801/664 382/809/664 654/810/664
f 608/811/665 653/798/665 668/807/665
f 647/803/666 646/799/666 661/808/666 662/812/666
f 640/787/667 639/801/667 654/810/667 655/813/667
f 648/789/668 647/803/668 662/812/668 663/814/668
f 641/788/669 640/787/669 655/813/669 656/815/669
f 649/790/670 648/789/670 663/814/670 664/816/670
f 642/791/671 641/788/671 656/815/671 657/817/671
f 650/792/672 649/790/672 664/816/672 665/818/672
f 643/793/673 642/791/673 657/817/673 658/819/673
f 651/794/674 650/792/674 665/818/674 666/820/674
f 644/795/675 643/793/675 658/819/675 659/804/675
f 652/796/676 651/794/676 666/820/676 667/806/676
f 664/821/677 663/822/677 678/823/677 679/824/677
f 657/825/678 656/826/678 671/827/678 672/828/678
f 665/829/679 664/821/679 679/824/679 680/830/679
f 658/831/680 657/825/680 672/828/680 673/832/680
f 666/833/681 665/829/681 680/830/681 681/834/681
f 659/835/682 658/831/682 673/832/682 674/836/682
f 667/837/683 666/833/683 681/834/683 682/838/683
f 660/839/684 659/835/684 674/836/684 675/840/684
f 668/841/685 667/837/685 682/838/685 683/842/685
f 661/843/686 660/839/686 675/840/686 676/844/686
f 654/845/687 382/846/687 669/847/687
f 608/848/688 668/841/688 683/842/688
f 662/849/689 661/843/689 676/844/689 677/850/689
f 655/851/690 654/845/690 669/847/690 670/852/690
f 663/822/691 662/849/691 677/850/691 678/823/691
f 656/826/692 655/851/692 670/852/692 671/827/692
f 683/842/693 682/838/693 697/853/693 698/854/693
f 676/844/694 675/840/694 690/855/694 691/856/694
f 669/847/695 382/857/695 684/858/695
f 608/859/696 683/842/696 698/854/696
f 677/850/697 676/844/697 691/856/697 692/860/697
f 670/852/698 669/847/698 684/858/698 685/861/698
f 678/823/699 677/850/699 692/860/699 693/862/699
f 671/827/700 670/852/700 685/861/700 686/863/700
f 679/824/701 678/823/701 693/862/701 694/864/701
f 672/828/702 671/827/702 686/863/702 687/865/702
f 680/830/703 679/824/703 694/864/703 695/866/703
f 673/832/704 672/828/704 687/865/704 688/867/704
f 681/834/705 680/830/705 695/866/705 696/868/705
f 674/836/706 673/832/706 688/867/706 689/869/706
f 682/838/707 681/834/707 696/868/707 697/853/707
f 675/840/708 674/836/708 689/869/708 690/855/708
f 687/865/709 686/863/709 701/870/709 702/871/709
f 695/866/710 694/864/710 709/872/710 710/873/710
f 688/867/711 687/865/711 702/871/711 703/874/711
f 696/868/712 695/866/712 710/873/712 711/875/712
f 689/869/713 688/867/713 703/874/713 704/876/713
f 697/853/714 696/868/714 711/875/714 712/877/714
f 690/855/715 689/869/715 704/876/715 705/878/715
f 698/854/716 697/853/716 712/877/716 713/879/716
f 691/856/717 690/855/717 705/878/717 706/880/717
f 684/858/718 382/881/718 699/882/718
f 608/883/719 698/854/719 713/879/719
f 692/860/720 691/856/720 706/880/720 707/884/720
f 685/861/721 684/858/721 699/882/721 700/885/721
f 693/862/722 692/860/722 707/884/722 708/886/722
f 686/863/723 685/861/723 700/885/723 701/870/723
f 694/864/724 693/862/724 708/886/724 709/872/724
f 706/880/725 705/878/725 720/887/725 721/888/725
f 699/882/726 382/889/726 714/890/726
f 608/891/727 713/879/727 728/892/727
f 707/884/728 706/880/728 721/888/728 722/893/728
f 700/885/729 699/882/729 714/890/729 715/894/729
f 708/886/730 707/884/730 722/893/730 723/895/730
f 701/870/731 700/885/731 715/894/731 716/896/731
f 709/872/732 708/886/732 723/895/732 724/897/732
f 702/871/733 701/870/733 716/896/733 717/898/733
f 710/873/734 709/872/734 724/897/734 725/899/734
f 703/874/735 702/871/735 717/898/735 718/900/735
f 711/875/736 710/873/736 725/899/736 726/901/736
f 704/876/737 703/874/737 718/900/737 719/902/737
f 712/877/738 711/875/738 726/901/738 727/903/738
f 705/878/739 704/876/739 719/902/739 720/887/739
f 713/879/740 712/877/740 727/903/740 728/892/740
f 725/899/741 724/897/741 739/904/741 740/905/741
f 718/900/742 717/898/742 732/906/742 733/907/742
f 726/901/743 725/899/743 740/905/743 741/908/743
f 719/902/744 718/900/744 733/907/744 734/909/744
f 727/903/745 726/901/745 741/908/745 742/910/745
f 720/887/746 719/902/746 734/909/746 735/911/746
f 728/892/747 727/903/747 742/910/747 743/912/747
f 721/888/748 720/887/748 735/911/748 736/913/748
f 714/890/749 382/914/749 729/915/749
f 608/916/750 728/892/750 743/912/750
f 722/893/751 721/888/751 736/913/751 737/917/751
f 715/894/752 714/890/752 729/915/752 730/918/752
f 723/895/753 722/893/753 737/917/753 738/919/753
f 716/896/754 715/894/754 730/918/754 731/920/754
f 724/897/755 723/895/755 738/919/755 739/904/755
f 717/898/756 716/896/756 731/920/756 732/906/756
f 608/921/757 743/912/757 758/922/757
f 737/917/758 736/913/758 751/923/758 752/924/758
f 730/918/759 729/915/759 744/925/759 745/926/759
f 738/919/760 737/917/760 752/924/760 753/927/760
f 731/920/761 730/918/761 745/926/761 746/928/761
f 739/904/762 738/919/762 753/927/762 754/929/762
f 732/906/763 731/920/763 746/928/763 747/930/763
f 740/905/764 739/904/764 754/929/764 755/931/764
f 733/907/765 732/906/765 747/930/765 748/932/765
f 741/908/766 740/905/766 755/931/766 756/933/766
f 734/909/767 733/907/767 748/932/767 749/934/767
f 742/910/768 741/908/768 756/933/768 757/935/768
f 735/911/769 734/909/769 749/934/769 750/936/769
f 743/912/770 742/910/770 757/935/770 758/922/770
f 736/913/771 735/911/771 750/936/771 751/923/771
f 729/915/772 382/937/772 744/925/772
f 756/933/773 755/931/773 770/938/773 771/939/773
f 749/934/774 748/932/774 763/940/774 764/941/774
f 757/935/775 756/933/775 771/939/775 772/942/775
f 750/936/776 749/934/776 764/941/776 765/943/776
f 758/922/777 757/935/777 772/942/777 773/944/777
f 751/923/778 750/936/778 765/943/778 766/945/778
f 744/925/779 382/946/779 759/947/779
f 608/948/780 758/922/780 773/944/780
f 752/924/781 751/923/781 766/945/781 767/949/781
f 745/926/782 744/925/782 759/947/782 760/950/782
f 753/927/783 752/924/783 767/949/783 768/951/783
f 746/928/784 745/926/784 760/950/784 761/952/784
f 754/929/785 753/927/785 768/951/785 769/953/785
f 747/930/786 746/928/786 761/952/786 762/954/786
f 755/931/787 754/929/787 769/953/787 770/938/787
f 748/932/788 747/930/788 762/954/788 763/940/788
f 760/950/789 759/947/789 774/403/789 775/402/789
f 768/951/790 767/949/790 305/398/790 778/406/790
f 761/952/791 760/950/791 775/402/791 301/408/791
f 769/953/792 768/951/792 778/406/792 306/410/792
f 762/954/793 761/952/793 301/408/793 776/412/793
f 770/938/794 769/953/794 306/410/794 779/414/794
f 763/940/795 762/954/795 776/412/795 302/416/795
f 771/939/796 770/938/796 779/414/796 780/418/796
f 764/941/797 763/940/797 302/416/797 777/420/797
f 772/942/798 771/939/798 780/418/798 781/422/798
f 765/943/799 764/941/799 777/420/799 303/424/799
f 773/944/800 772/942/800 781/422/800 782/426/800
f 766/945/801 765/943/801 303/424/801 304/399/801
f 759/947/802 382/955/802 774/403/802
f 608/956/803 773/944/803 782/426/803
f 767/949/804 766/945/804 304/399/804 305/398/804
